Rating,Crash_Severity,Driver_VehicleNumber,Driver_InjuryType,Driver_Age,Driver_Gender,Driver_Action_Type_Cd,Driver_Airbag_Deployment,Driver_Condition_Type_Cd,Driver_Distraction_Type_Cd,Driver_Drinking_Type_Cd,Driver_Drug_Use_Cd,Driver_Ejected_From_Vehicle,Driver_Ems_Transport_Ind,Driver_Fled_Scene_Ind,Driver_Safety_Equip_Used,Driver_Vis_Obscured_Type_Cd,Summons_Issued_Cd,Vehiclenumber,Vehicle_Body_Type_Cd,Vehicle_Maneuver_Type_Cd,Speed_Before,Speed_Posted,Speed_Max_Safe,First_Crash_Event_Cd,Most_Harmful_Crash_Event_Cd,Initial_Veh_Impact_Area_Cd,Direction_Of_Travel_Cd,Route or Street Name
72,3.0,1.0,0.0,16.0,1,40,1,1,6,1,2,1,0,0,3,1,1,3,1,9,61.0,55.0,0.0,28,6,1,4,I-66 WESTBOUND
24,1.0,1.0,0.0,25.0,0,11,2,1,14,1,2,1,0,0,3,1,1,2,22,3,10.0,45.0,45.0,20,20,11,3,3500 / ROLLINS FORD ROAD
23,1.0,1.0,0.0,18.0,0,43,6,1,14,1,2,1,0,0,3,1,2,1,22,6,35.0,55.0,55.0,5,5,10,2,DULLES TOLL ROAD / ROUTE 267
31,1.0,1.0,0.0,75.0,0,11,2,1,14,1,2,1,0,0,3,1,1,2,1,3,15.0,35.0,35.0,20,20,8,3,NINE MILE ROAD
38,1.0,1.0,0.0,39.0,0,11,2,1,14,2,2,1,0,0,3,1,1,2,3,3,5.0,25.0,0.0,20,20,11,3,BATTLEFIELD PKWY NE
22,1.0,1.0,0.0,44.0,1,42,8,1,14,1,2,1,0,0,3,1,1,2,22,6,60.0,70.0,70.0,20,20,11,1,29 BYPASS
83,4.0,1.0,0.0,25.0,0,39,2,9,14,1,3,1,0,0,8,1,3,1,1,1,25.0,25.0,25.0,19,19,12,3,ARLINGTON RD
23,1.0,1.0,0.0,0.0,0,1,2,1,0,0,0,1,0,0,9,1,0,3,1,11,0.0,25.0,0.0,20,20,6,0,NORTH CRATER RD
18,1.0,1.0,0.0,66.0,1,40,2,1,14,2,2,1,0,0,9,1,2,1,2,1,10.0,25.0,25.0,28,1,12,2,2409 Pine Grove Road
23,1.0,1.0,0.0,22.0,0,12,2,1,1,1,2,1,0,0,3,1,1,2,22,1,25.0,55.0,0.0,20,20,12,3,I-581
69,3.0,1.0,0.0,48.0,0,12,1,1,14,1,2,1,1,0,3,1,1,3,1,1,60.0,55.0,0.0,20,20,12,4,WESTBOUND INTERSTATE 264
20,1.0,1.0,0.0,16.0,1,22,6,1,14,1,2,1,0,0,3,1,2,2,1,3,5.0,25.0,0.0,20,20,8,2,7100 RODOPHIL ROAD
30,1.0,1.0,0.0,17.0,1,12,2,1,14,1,2,1,0,0,3,1,1,2,2,1,25.0,45.0,0.0,20,20,12,3,RT 11/ COMMERCE RD
61,3.0,1.0,0.0,32.0,1,32,2,1,0,1,2,1,0,0,3,1,2,1,1,9,45.0,45.0,45.0,28,2,1,3,CARDWELL RD
14,1.0,1.0,0.0,24.0,0,12,2,1,14,1,2,1,0,0,3,1,1,2,1,1,20.0,35.0,0.0,20,20,12,1,1313 INDIAN LAKES BLVD
21,1.0,1.0,0.0,55.0,1,3,2,1,14,1,2,1,0,0,3,1,1,1,1,9,65.0,70.0,55.0,28,1,12,3,INTERSTATE 81
37,1.0,1.0,0.0,18.0,1,32,1,1,14,1,2,1,0,0,3,1,2,1,1,15,25.0,25.0,25.0,20,13,1,2,MARYLAND AVE
21,1.0,1.0,0.0,35.0,1,42,2,1,7,1,2,1,0,0,3,11,1,2,1,14,40.0,60.0,60.0,20,20,5,4,INTERSTATE 64 WEST
21,1.0,1.0,0.0,19.0,1,40,2,1,14,1,2,1,0,0,3,2,1,2,1,9,75.0,70.0,70.0,20,20,12,1,I-81
25,1.0,1.0,0.0,72.0,1,11,1,1,14,1,2,1,0,0,2,1,1,2,1,1,10.0,25.0,25.0,20,20,12,4,KING STREET/ N HENRY ST
68,3.0,1.0,0.0,23.0,0,11,2,1,14,1,2,1,1,0,3,1,0,2,22,1,15.0,25.0,25.0,20,20,4,4,3100 BLOCK AZALEA GARDEN RD
72,1.0,1.0,0.0,19.0,1,3,2,1,14,1,2,1,0,0,3,1,2,2,1,1,35.0,60.0,0.0,20,20,12,3,SB I-95
24,2.0,1.0,0.0,18.0,1,22,8,1,14,1,2,1,0,0,3,1,0,2,22,1,0.0,25.0,25.0,20,20,7,2,CAROLINA AVE
23,1.0,1.0,0.0,39.0,1,32,8,1,14,1,2,1,0,0,3,1,2,1,1,9,45.0,55.0,55.0,28,30,1,2,MONROVIA RD
31,1.0,1.0,0.0,45.0,0,34,5,1,14,6,0,1,0,1,9,1,2,1,1,10,0.0,25.0,0.0,3,3,12,1,519 7 1/2 ST SW
38,2.0,1.0,0.0,0.0,0,34,0,9,0,6,3,0,0,1,0,0,0,1,1,1,0.0,55.0,0.0,19,19,0,0,EB RT 30
22,3.0,1.0,0.0,65.0,1,10,3,1,14,1,2,1,1,0,8,1,1,2,9,1,1.0,25.0,25.0,20,20,2,1,3400 DEBREE AVE
83,1.0,1.0,0.0,38.0,0,42,2,1,7,1,2,1,0,0,3,14,1,2,3,14,65.0,65.0,65.0,20,20,4,2,INTERSTATE 64 EAST
23,1.0,1.0,0.0,22.0,0,12,2,1,14,1,2,1,0,0,3,1,1,3,1,1,75.0,70.0,50.0,20,20,12,1,INTERSTATE 81
18,3.0,1.0,0.0,21.0,1,31,1,1,14,1,2,1,1,0,3,1,2,2,1,1,25.0,25.0,25.0,42,6,12,4,2900 DECATUR ST
23,1.0,1.0,0.0,58.0,0,37,2,1,14,1,2,1,0,0,3,1,2,2,1,5,30.0,45.0,45.0,20,20,12,3,BELMONT RIDGE RD
69,3.0,1.0,0.0,21.0,1,2,1,1,14,1,2,1,1,0,3,1,1,2,1,1,0.0,30.0,30.0,20,20,12,3,HAMPTON BLVD
20,1.0,1.0,0.0,46.0,1,1,2,1,14,1,2,1,0,0,3,1,2,2,22,2,5.0,25.0,0.0,20,20,12,1,100 E BRAMBLETON AVE
30,1.0,1.0,0.0,0.0,0,40,8,9,11,6,3,1,0,1,3,13,3,1,1,10,0.0,60.0,60.0,28,11,11,3,I-664 SOUTH
61,1.0,1.0,0.0,33.0,1,40,2,1,14,1,2,1,0,0,3,2,1,2,2,14,65.0,55.0,55.0,20,20,2,1,I-95
14,2.0,1.0,0.0,56.0,0,42,2,1,14,1,2,1,0,0,3,1,1,2,2,14,35.0,45.0,45.0,20,20,11,4,W MERCURY BLVD
21,1.0,1.0,0.0,29.0,1,2,5,1,14,1,2,1,0,0,3,1,2,2,22,1,50.0,35.0,35.0,20,20,1,4,COGBILL RD
37,1.0,1.0,0.0,37.0,0,42,2,1,14,1,2,1,0,0,3,1,1,2,1,14,60.0,60.0,60.0,20,28,11,1,I-664 NORTH
21,1.0,1.0,0.0,42.0,1,42,2,1,14,1,2,1,0,0,3,1,2,2,22,14,15.0,55.0,15.0,20,20,7,3,I-495 SOUTH
21,3.0,1.0,0.0,40.0,0,11,8,1,14,1,2,1,0,0,3,1,1,3,1,2,10.0,35.0,0.0,20,20,10,2,JAHNKE ROAD
25,1.0,1.0,0.0,38.0,0,40,2,1,14,1,2,1,0,0,3,1,1,2,23,14,70.0,70.0,70.0,20,20,5,3,I-81 SOUTHBOUND
68,2.0,1.0,0.0,47.0,0,37,6,1,14,1,3,1,0,0,3,1,2,1,1,9,0.0,25.0,25.0,28,3,1,3,GRACE ST
21,3.0,1.0,0.0,41.0,1,40,2,1,14,1,2,1,0,0,3,1,2,1,22,9,45.0,45.0,45.0,28,2,12,3,OAKVILLE RD
43,4.0,1.0,0.0,61.0,1,12,8,1,6,1,2,1,1,0,8,1,1,3,22,1,45.0,45.0,25.0,20,20,12,3,IRONBOUND RD
23,1.0,1.0,0.0,56.0,1,15,2,1,14,1,2,1,0,0,3,1,2,2,23,3,10.0,35.0,35.0,20,20,2,4,WOODLAND RD
31,1.0,1.0,0.0,56.0,1,40,2,1,14,4,2,1,0,0,3,1,1,1,22,9,55.0,55.0,55.0,28,2,12,2,CHATHAM RD
48,1.0,1.0,0.0,23.0,1,11,2,1,14,0,0,1,0,0,3,11,1,2,22,3,5.0,35.0,0.0,20,20,1,2,B4800 MIDLOTHIAN TPKE
59,1.0,1.0,0.0,64.0,0,34,0,9,14,6,3,0,0,1,0,0,0,2,1,0,0.0,55.0,55.0,20,20,12,3,SOUTHBOUND INTERSTATE 95
18,4.0,1.0,0.0,18.0,1,40,2,1,14,1,2,1,0,0,3,1,1,3,2,6,60.0,60.0,60.0,42,20,1,3,SOUTH INTERSTATE 664
17,1.0,1.0,0.0,43.0,1,11,2,1,14,1,2,1,0,0,3,16,2,2,3,3,15.0,35.0,35.0,20,20,10,3,WILLIS RD
43,3.0,1.0,0.0,24.0,1,12,3,1,14,1,2,3,1,0,5,1,1,2,11,9,75.0,55.0,50.0,20,20,12,2,EASTBOUND INTERSTATE 264
11,1.0,1.0,0.0,0.0,0,34,2,9,0,6,3,0,0,1,0,0,0,1,2,10,0.0,35.0,35.0,28,3,11,4,COGBILL RD
41,1.0,1.0,0.0,56.0,1,2,2,1,14,1,2,1,0,0,3,2,2,2,2,1,65.0,55.0,55.0,20,20,12,4,I-66
10,3.0,1.0,0.0,48.0,1,21,2,1,14,1,2,1,1,0,3,1,1,2,1,1,30.0,30.0,30.0,20,20,11,4,800 BLK DUKE ST
8,1.0,1.0,0.0,18.0,1,40,2,1,14,1,2,1,0,0,3,1,1,1,1,10,75.0,70.0,65.0,42,5,12,3,I-81
15,2.0,1.0,0.0,36.0,1,12,1,1,5,1,3,1,0,0,3,1,1,2,2,1,35.0,55.0,55.0,20,20,12,2,ROCKFISH GAP TPKE
61,4.0,1.0,0.0,25.0,0,1,1,1,14,1,2,1,1,0,3,1,2,4,1,1,40.0,55.0,55.0,42,20,6,1,RT47
14,1.0,1.0,0.0,21.0,1,42,2,1,14,1,2,1,0,0,3,1,1,2,1,14,75.0,70.0,70.0,20,20,2,1,NOURTHBOUND INTERSTATE 95
21,1.0,1.0,0.0,51.0,1,12,2,1,0,1,2,1,0,0,3,1,2,2,3,14,45.0,50.0,50.0,20,20,11,1,8200-BLK ROUTE 17
37,1.0,1.0,0.0,55.0,1,42,2,1,14,1,2,1,0,0,3,1,2,2,1,14,10.0,55.0,55.0,20,20,12,4,INTERSTATE 264 WESTBOUND
21,1.0,1.0,0.0,17.0,0,42,2,1,14,1,2,1,0,0,3,1,1,2,1,14,45.0,45.0,45.0,20,20,11,1,ROUTE 221 NORTH
21,3.0,1.0,0.0,78.0,0,12,1,5,14,1,2,1,1,0,3,1,1,2,1,1,8.0,25.0,25.0,20,20,12,1,N. MEADOW ST.
25,1.0,1.0,0.0,22.0,1,40,2,1,14,1,2,1,0,0,3,1,1,1,1,10,30.0,30.0,30.0,28,3,12,1,CHAIN BRIDGE RD
68,1.0,1.0,0.0,19.0,0,37,2,6,6,1,2,1,0,0,3,1,1,2,3,1,25.0,25.0,25.0,6,6,12,3,6710 25TH ST N
21,2.0,1.0,0.0,71.0,1,40,2,5,14,1,2,1,1,0,3,1,2,1,1,4,10.0,30.0,0.0,13,2,11,1,300 BOUSH ST
61,1.0,1.0,0.0,16.0,1,6,2,1,11,6,3,1,0,1,9,11,2,2,1,3,15.0,25.0,25.0,20,20,2,3,S CRATER ROAD AND GRAHAM ROAD
14,4.0,1.0,0.0,69.0,1,11,8,1,14,1,3,1,1,0,3,1,1,2,22,4,30.0,60.0,60.0,20,20,3,3,W LYNCHBURG SALEM TPKE
21,1.0,1.0,0.0,73.0,1,40,2,1,14,1,2,1,0,0,3,1,1,1,2,10,60.0,65.0,60.0,28,30,5,3,I-81 SOUTH
37,1.0,1.0,0.0,68.0,0,18,2,1,14,1,2,1,0,0,3,1,2,2,22,12,10.0,25.0,0.0,20,20,6,2,22502 FOREST MANOR DR.
21,4.0,1.0,0.0,17.0,0,40,8,1,14,1,2,1,1,0,3,1,2,1,1,9,55.0,55.0,35.0,28,33,1,3,RIVER RD.
21,1.0,1.0,0.0,46.0,0,34,0,9,14,6,3,0,0,1,0,0,0,2,2,1,0.0,45.0,0.0,20,20,12,3,Pilot Rd.
25,1.0,1.0,0.0,0.0,0,34,0,0,0,0,0,0,0,1,0,0,0,1,1,10,0.0,10.0,10.0,28,28,12,3,EASTGATE BLVD
68,3.0,1.0,0.0,36.0,1,12,2,1,14,1,2,1,0,0,3,1,1,2,22,1,0.0,35.0,0.0,20,20,12,1,RICHMOND-HENRICO TPKE
21,1.0,1.0,0.0,23.0,1,42,2,1,14,1,2,1,0,0,3,1,1,2,3,14,60.0,55.0,55.0,20,20,3,3,ROUTE 153/ROCKY HILL ROAD
21,1.0,1.0,0.0,20.0,0,22,1,1,14,1,2,1,0,0,3,1,1,2,1,1,25.0,25.0,0.0,20,20,12,1,LAUREL ST NE
21,3.0,1.0,0.0,23.0,1,3,8,1,14,1,2,1,1,0,3,1,1,1,22,9,50.0,55.0,40.0,28,5,1,1,NB RT 1
25,1.0,1.0,0.0,35.0,1,31,2,1,14,1,2,1,0,0,3,2,1,2,1,14,55.0,55.0,40.0,20,20,11,3,INTERSTATE 395 SOUTHBOUND
68,1.0,1.0,0.0,43.0,1,3,2,1,14,1,2,1,0,0,3,1,2,2,22,1,21.0,35.0,20.0,20,20,2,4,Shenandoah Shores Rd
21,1.0,1.0,0.0,17.0,1,1,1,1,14,1,2,1,0,0,3,1,2,1,2,2,15.0,25.0,20.0,28,2,12,1,7400 CENTRAL BUSINESS PARK DR
21,1.0,1.0,0.0,31.0,1,37,2,1,13,3,3,1,0,0,3,1,1,2,1,5,15.0,30.0,30.0,20,20,12,2,S. FOUR MILE RUN DR
43,1.0,1.0,0.0,52.0,0,11,2,1,14,1,2,1,0,0,3,1,1,2,1,16,10.0,35.0,35.0,20,20,12,3,115 W LITTLE CREEK ROAD
23,1.0,1.0,0.0,37.0,1,11,2,1,14,6,3,1,0,0,3,1,2,2,3,2,5.0,45.0,0.0,42,42,0,1,LOUDOUN COUNTY PARKWAY
31,1.0,1.0,0.0,34.0,1,42,2,1,14,1,0,1,0,0,3,1,1,2,23,14,65.0,65.0,65.0,20,20,1,3,INTERSTATE 95 SOUTHBOUND
48,1.0,1.0,0.0,48.0,1,12,1,1,14,1,2,1,0,0,3,1,2,2,1,1,35.0,45.0,45.0,20,20,12,4,MERRIMAC TRAIL
59,1.0,1.0,0.0,24.0,0,12,1,1,14,1,2,1,0,0,3,1,1,3,1,1,45.0,55.0,20.0,20,20,12,4,I-495 WEST
43,1.0,1.0,0.0,17.0,1,40,1,1,7,1,2,1,0,0,3,1,1,1,1,9,40.0,45.0,45.0,28,2,12,1,ROSE RIDGE
23,1.0,1.0,0.0,38.0,1,12,2,1,14,1,2,1,0,0,3,1,2,2,2,1,25.0,55.0,20.0,20,20,12,4,INTERSTATE 64 WEST
31,1.0,1.0,0.0,23.0,1,12,2,1,14,1,2,1,0,0,3,1,1,3,1,1,20.0,55.0,0.0,20,20,11,3,GLEBE ROAD ACCESS LANES
48,1.0,1.0,0.0,36.0,0,40,2,6,2,1,2,1,0,0,3,1,1,1,22,9,55.0,55.0,55.0,28,3,1,4,I-95S
59,1.0,1.0,0.0,28.0,1,16,2,1,14,1,2,1,0,0,3,1,1,2,1,4,10.0,55.0,55.0,20,20,8,4,1895 MERRIMAC TRL
25,3.0,1.0,0.0,27.0,1,37,2,1,14,1,2,1,0,0,3,1,2,2,1,1,5.0,25.0,25.0,20,20,12,1,N BEAUREGARD ST
68,3.0,1.0,0.0,19.0,1,2,2,1,14,1,2,1,1,0,3,1,2,2,1,1,75.0,65.0,65.0,20,30,11,1,NB I-95
21,1.0,1.0,0.0,23.0,1,15,2,1,12,1,2,1,0,0,3,1,1,1,1,3,0.0,45.0,45.0,8,8,12,2,WEST BROAD ST
43,4.0,1.0,0.0,38.0,1,40,2,8,11,1,2,1,1,0,3,1,2,2,1,1,30.0,30.0,30.0,6,6,12,3,1005 COTTAGE ST SW
23,3.0,1.0,0.0,34.0,1,12,2,1,14,1,2,1,0,0,3,1,1,3,1,1,60.0,55.0,45.0,20,20,12,4,I-64 WEST BOUND
31,3.0,1.0,0.0,46.0,1,40,3,1,7,1,2,3,1,0,5,11,1,1,11,1,55.0,55.0,55.0,7,7,12,2,INTERSTATE 64 EAST
48,1.0,1.0,0.0,48.0,1,1,8,1,14,1,2,1,0,0,3,1,2,1,1,1,55.0,55.0,55.0,23,23,12,4,RT. 42 / LITTLE CALF PASTURE HIGHWAY
59,1.0,1.0,0.0,30.0,1,32,1,1,14,1,3,1,0,0,2,1,2,1,22,9,25.0,25.0,0.0,28,12,1,1,RT 683/BELLVIEW RD
18,2.0,1.0,0.0,54.0,1,16,2,1,14,1,2,1,0,0,3,1,2,2,1,2,10.0,35.0,35.0,20,20,1,2,SETTLERS LANDING RD
17,1.0,1.0,0.0,64.0,0,11,2,1,11,0,2,1,0,0,3,0,1,2,1,2,25.0,25.0,25.0,20,20,10,3,103 S MAIN ST
9,1.0,1.0,0.0,57.0,0,1,5,9,14,6,3,1,0,0,9,1,0,2,1,1,30.0,25.0,0.0,10,10,2,1,CAMERON MILLS ROAD / ALLISON STREET
12,4.0,1.0,0.0,58.0,1,40,8,1,14,1,2,1,1,0,8,1,1,1,2,9,70.0,70.0,70.0,28,2,1,3,I-81
61,3.0,1.0,0.0,33.0,0,11,1,1,14,1,2,1,0,0,3,1,1,2,1,1,35.0,35.0,35.0,20,20,12,3,8300 CHESAPEAKE BLVD
14,1.0,1.0,0.0,62.0,1,14,2,1,14,1,0,1,0,0,3,1,2,2,25,2,10.0,10.0,10.0,27,27,5,2,VIRGINIA INTERNATIONAL GATEWAY
21,4.0,1.0,0.0,38.0,1,21,8,1,14,1,2,1,0,0,3,1,0,2,23,1,50.0,55.0,0.0,20,20,12,4,HARRY BYRD HWY
37,2.0,1.0,0.0,0.0,0,34,0,0,0,0,3,0,0,1,0,0,3,1,1,1,2.0,30.0,30.0,19,19,12,4,HIGH ST
21,3.0,1.0,0.0,23.0,0,12,1,1,14,1,2,1,0,0,3,1,1,3,1,1,45.0,45.0,0.0,20,20,12,2,J CLYDE MORRIS BLVD
21,3.0,1.0,0.0,22.0,0,12,2,1,14,1,2,1,0,0,3,1,1,2,1,5,15.0,55.0,0.0,20,20,12,2,INTERSTATE 64 EASTBOUND
25,1.0,1.0,0.0,28.0,0,21,2,1,14,1,2,1,0,0,3,1,1,2,22,1,40.0,45.0,0.0,20,20,11,2,HUNGARY RD
68,1.0,1.0,0.0,31.0,1,42,2,1,14,1,2,1,0,0,3,1,1,2,1,14,55.0,55.0,55.0,20,20,10,4,WB I-495
21,1.0,1.0,0.0,27.0,0,3,1,1,14,1,2,1,0,0,3,1,1,1,1,10,40.0,55.0,0.0,28,11,11,3,INTERSTATE 95 SOUTHBOUND
23,1.0,1.0,0.0,30.0,1,40,2,1,14,1,2,1,0,0,3,1,1,1,22,10,55.0,55.0,55.0,28,5,11,3,SOUTHBOUND I-195
18,4.0,1.0,0.0,72.0,1,40,1,9,11,1,2,1,1,0,3,13,1,3,1,10,30.0,35.0,35.0,6,6,11,2,113 SACRAMENTO DR
23,1.0,1.0,0.0,22.0,1,40,2,1,14,4,3,1,0,0,3,1,1,1,22,3,0.0,25.0,0.0,10,10,1,2,BYRON STREET
69,3.0,1.0,0.0,24.0,1,40,2,1,14,1,2,1,1,0,3,1,1,1,1,1,0.0,55.0,0.0,13,13,4,2,LITTLE RIVER TPKE
20,4.0,1.0,0.0,60.0,1,40,3,9,14,1,2,1,1,0,5,1,2,1,11,9,45.0,55.0,55.0,28,30,3,4,ROUTE 33
30,1.0,1.0,0.0,53.0,1,42,2,1,14,1,2,1,0,0,3,1,1,2,2,14,30.0,35.0,25.0,20,20,11,2,I-66 EAST
61,4.0,1.0,0.0,25.0,1,12,8,1,14,1,2,1,1,0,2,1,2,2,22,1,60.0,55.0,25.0,20,20,12,2,9400-BLK LEE HWY
14,1.0,1.0,0.0,20.0,0,12,1,1,14,1,2,1,0,0,3,1,1,2,1,1,40.0,45.0,45.0,20,20,12,4,10825 MIDLOTHIAN TPKE
21,1.0,1.0,0.0,34.0,1,1,2,1,14,1,2,1,0,0,3,1,2,2,1,1,55.0,55.0,55.0,20,20,11,1,0015 JAMES MADISON HIGHWAY
37,2.0,1.0,0.0,39.0,1,1,2,1,14,1,2,1,0,0,3,1,1,2,2,5,20.0,45.0,45.0,37,20,12,3,GODWIN BLVD
21,1.0,1.0,0.0,36.0,1,12,2,1,0,1,2,1,0,0,3,1,1,2,1,1,25.0,25.0,25.0,20,20,12,1,NORTH CHURCH ST.
21,1.0,1.0,0.0,17.0,1,40,8,1,8,1,0,1,0,0,3,1,1,2,1,1,20.0,25.0,0.0,6,6,12,1,N JORDAN STREET
25,1.0,1.0,0.0,46.0,0,12,1,1,14,1,2,1,0,0,3,1,1,3,1,1,20.0,60.0,0.0,20,20,12,3,SOUTH BOUND I-664
68,1.0,1.0,0.0,27.0,1,40,8,1,7,4,2,1,0,0,3,1,1,3,1,1,30.0,25.0,25.0,6,6,1,4,2811 ROSALEE DR
21,1.0,1.0,0.0,31.0,1,40,6,9,11,6,3,1,0,0,3,1,3,1,22,1,0.0,15.0,15.0,14,14,11,3,OAKLEYS PL
43,1.0,1.0,0.0,0.0,0,40,6,9,0,6,3,1,0,1,9,0,2,1,22,1,20.0,25.0,25.0,4,30,12,1,1334 GOLDFINCH DR
43,3.0,1.0,0.0,67.0,0,11,2,1,14,1,2,1,0,0,3,1,1,2,2,3,25.0,35.0,35.0,20,20,12,1,725 E ATLANTIC
23,3.0,1.0,0.0,36.0,1,40,2,1,14,5,3,1,1,0,3,1,3,1,22,9,35.0,35.0,35.0,28,3,12,3,BROCK RD ( RT 613)
31,1.0,1.0,0.0,35.0,1,40,2,1,14,1,2,1,0,0,3,1,1,1,2,10,45.0,55.0,30.0,36,1,12,1,RT.18
48,1.0,1.0,0.0,22.0,1,12,2,1,14,1,2,1,0,0,8,1,1,2,1,1,45.0,45.0,10.0,20,20,12,3,ROUTE 273/ FARMERS DR
59,1.0,1.0,0.0,17.0,0,42,2,1,14,1,2,1,0,0,3,1,1,2,22,14,35.0,45.0,45.0,20,20,2,2,HULL STREET ROAD
18,1.0,1.0,0.0,21.0,1,1,2,1,14,1,2,1,0,0,3,1,2,1,1,1,45.0,55.0,55.0,23,23,11,2,EB I-66
17,3.0,1.0,0.0,37.0,1,21,1,1,14,1,2,1,0,0,8,1,1,2,1,1,50.0,50.0,0.0,20,20,12,4,COURTHOUSE RD
9,1.0,1.0,0.0,25.0,0,34,0,9,0,6,3,0,0,1,0,0,0,2,1,1,0.0,45.0,45.0,20,20,11,3,400 BLOCK S. INDEPENDENCE BLVD
12,1.0,1.0,0.0,21.0,1,40,2,1,6,4,2,1,0,0,3,1,1,1,1,3,25.0,40.0,40.0,8,8,12,3,RUSSELL BRANCH PKWY
61,3.0,1.0,0.0,18.0,1,37,2,1,14,1,2,1,0,0,3,1,2,2,1,1,38.0,35.0,35.0,20,20,11,4,COUNTY DRIVE
14,1.0,1.0,0.0,63.0,0,12,2,1,14,1,2,1,0,0,3,1,1,3,1,1,15.0,45.0,5.0,20,20,12,1,RT 221
21,1.0,1.0,0.0,65.0,1,1,2,1,14,1,2,1,0,0,3,1,2,1,2,1,55.0,55.0,55.0,23,23,11,3,RT.220/ROANOKE RD
37,3.0,1.0,0.0,30.0,0,12,1,1,14,1,2,1,0,0,3,1,1,2,1,1,50.0,55.0,55.0,20,20,12,1,NEIL ARMSTRONG PKWY
21,3.0,1.0,0.0,59.0,0,40,6,1,14,1,2,1,1,0,3,1,1,2,22,14,70.0,70.0,60.0,36,20,9,3,I-81
21,1.0,1.0,0.0,25.0,1,17,2,1,14,0,0,1,0,0,3,2,3,2,1,3,10.0,45.0,45.0,20,20,1,4,RT. 1
25,1.0,1.0,0.0,20.0,0,12,2,1,14,1,2,1,0,0,3,1,1,2,22,1,45.0,45.0,45.0,20,20,1,1,BOOKER T WASHINGTON HWY
68,1.0,1.0,0.0,21.0,1,12,2,1,14,1,2,1,0,0,3,1,1,2,2,1,20.0,0.0,0.0,20,20,12,3,ROUTE 11
21,1.0,1.0,0.0,56.0,0,40,2,1,9,1,2,1,0,0,3,1,0,1,22,9,35.0,35.0,35.0,28,2,12,2,OLD KEENE MILL RD
23,1.0,1.0,0.0,24.0,1,12,2,1,11,1,2,1,0,0,3,1,1,2,1,1,45.0,45.0,45.0,20,20,12,3,1000 BLK OCEANA BLVD
18,1.0,1.0,0.0,22.0,0,11,2,1,14,1,2,1,0,0,3,1,1,2,1,3,10.0,35.0,35.0,20,20,12,2,Deveraux DR
23,1.0,1.0,0.0,34.0,0,12,2,1,14,1,2,1,0,0,3,1,1,2,1,5,15.0,60.0,0.0,20,20,12,1,I-664 NORTH
69,1.0,1.0,0.0,26.0,1,21,2,1,11,1,0,1,0,0,3,1,1,3,2,1,25.0,35.0,0.0,20,20,12,1,COMMERCE ST / BOWIE DR
21,1.0,1.0,0.0,25.0,0,1,1,1,14,1,3,1,0,0,2,1,0,1,1,9,55.0,55.0,55.0,28,2,12,1,PIN OAK ROAD
25,1.0,1.0,0.0,46.0,0,40,6,6,2,1,2,1,0,0,3,1,2,1,22,1,70.0,70.0,70.0,30,30,10,1,I-95N AT 28MM
68,1.0,1.0,0.0,42.0,0,11,2,1,14,1,2,1,0,0,3,1,2,2,22,4,10.0,35.0,35.0,20,20,1,3,MEDICAL DR
21,1.0,1.0,0.0,46.0,0,1,2,1,14,1,2,1,0,0,3,1,2,1,22,1,55.0,55.0,55.0,23,23,12,1,ROUTE 29 BUSINESS - SOUTH AMHERST HIGHWAY
21,3.0,1.0,0.0,20.0,1,11,8,1,14,1,2,1,0,0,3,1,1,3,3,3,10.0,45.0,45.0,20,20,1,1,52/SOUTH MAIN STREET
43,1.0,1.0,0.0,19.0,0,11,2,1,14,1,2,1,0,0,3,1,1,2,2,6,40.0,55.0,0.0,20,20,12,4,RT 301 / SKIPPERS RD
23,1.0,1.0,0.0,62.0,1,40,2,1,14,1,2,1,0,0,3,1,1,1,2,9,55.0,55.0,55.0,28,30,1,1,RT.221/FLOYD PIKE
31,1.0,1.0,0.0,62.0,0,21,1,1,0,1,2,1,0,0,3,1,2,2,1,1,35.0,35.0,35.0,20,20,12,2,MONUMENT DR
48,1.0,1.0,0.0,71.0,1,18,2,1,14,1,2,1,0,0,3,14,2,2,4,12,1.0,40.0,40.0,20,20,6,4,HOLLINS RD
59,2.0,1.0,0.0,26.0,1,40,2,1,7,1,2,1,0,0,3,1,1,1,22,1,30.0,25.0,25.0,13,13,11,3,MIDDLEBROOK AVE
43,3.0,1.0,0.0,17.0,0,11,8,1,14,1,2,1,0,0,3,1,1,2,1,3,35.0,45.0,35.0,20,20,12,1,OTTERDALE RD
23,1.0,1.0,0.0,21.0,0,2,8,6,7,1,2,1,0,0,3,1,1,3,1,1,70.0,65.0,0.0,20,20,12,3,I-95 SOUTH
31,1.0,1.0,0.0,69.0,1,42,2,1,14,1,2,1,0,0,3,1,1,2,1,14,35.0,35.0,35.0,20,20,1,3,PIEDMONT DR
48,3.0,1.0,0.0,68.0,0,1,2,0,0,0,0,1,0,0,3,12,2,1,22,5,5.0,20.0,20.0,19,19,12,4,4028 WINDSOR RIDGE
59,1.0,1.0,0.0,22.0,1,37,2,9,0,6,3,1,0,0,8,0,2,3,1,1,40.0,25.0,25.0,20,20,11,2,400 HOUSTON STREET
25,1.0,1.0,0.0,31.0,1,40,2,1,14,1,2,1,0,0,3,1,2,2,1,1,70.0,65.0,65.0,20,20,11,3,I-95 SOUTH
68,1.0,1.0,0.0,44.0,0,11,2,1,14,1,2,1,0,0,3,1,1,2,22,3,15.0,35.0,0.0,20,20,2,3,1779 / POTOMAC MILLS ROAD
21,3.0,1.0,0.0,50.0,0,11,1,1,14,1,2,1,0,0,3,10,0,2,22,2,6.0,25.0,25.0,20,20,12,4,BUCKMAN RD/ROLLING HILLS AVE
43,1.0,1.0,0.0,20.0,0,11,2,1,14,1,2,1,0,0,3,1,1,2,22,3,10.0,45.0,45.0,20,20,1,2,ROUTE 1
23,3.0,1.0,0.0,56.0,0,11,2,1,14,1,2,1,1,0,3,1,2,2,22,3,35.0,35.0,35.0,20,20,11,1,LEE HWY
31,3.0,1.0,0.0,38.0,0,11,2,1,14,1,2,1,0,0,3,1,1,2,1,3,10.0,40.0,0.0,20,20,12,3,1/ RICHMOND HIGHWAY
37,0.0,1.0,0.0,17.0,1,10,8,1,0,6,2,1,0,0,3,0,2,2,1,15,108.0,35.0,35.0,35,20,2,3,0001 RICHMOND HIGHWAY
21,1.0,1.0,0.0,43.0,0,11,2,1,14,1,2,1,0,0,3,1,1,2,1,6,5.0,15.0,15.0,20,20,12,3,N WAKEFIELD ST
21,1.0,1.0,0.0,17.0,0,40,2,1,0,1,3,1,0,0,8,1,1,2,1,1,35.0,35.0,35.0,20,20,12,3,VICTORY BLVD
25,1.0,1.0,0.0,24.0,1,40,8,6,14,1,2,1,0,0,3,1,1,2,1,14,55.0,55.0,55.0,20,20,5,3,0294 PRINCE WILLIAM PARKWAY
68,1.0,1.0,0.0,65.0,0,12,2,1,7,1,2,1,0,0,3,1,1,2,1,1,10.0,35.0,35.0,20,20,12,3,COLONEL JAMESON BLVD
21,1.0,1.0,0.0,31.0,0,12,2,1,11,1,2,1,0,0,3,1,1,2,1,1,55.0,55.0,55.0,20,20,11,2,I-64 EAST
23,1.0,1.0,0.0,61.0,0,34,0,9,11,6,3,0,0,1,0,13,0,2,3,1,0.0,25.0,25.0,6,6,0,0,3855 OLD STEVENS RD NW
18,1.0,1.0,0.0,18.0,0,12,1,1,14,1,2,1,0,0,3,1,1,2,1,1,35.0,35.0,35.0,20,20,12,1,HUNTER MILL RD AND SUNSET HILLS RD
21,1.0,1.0,0.0,62.0,1,11,2,1,14,1,2,1,0,0,3,11,2,2,1,16,3.0,40.0,40.0,20,20,11,4,BROADVIEW AVE
21,3.0,1.0,0.0,20.0,1,2,8,1,11,1,3,1,1,0,3,1,1,1,1,1,70.0,45.0,40.0,42,15,5,1,2501 BUYRN CIRC.
25,1.0,1.0,0.0,17.0,1,40,2,1,14,1,2,1,0,0,3,1,1,1,2,9,55.0,55.0,45.0,28,2,12,1,RT. 18
68,1.0,1.0,0.0,0.0,0,40,0,9,0,6,3,0,0,1,0,1,0,1,1,10,0.0,55.0,55.0,36,14,11,0,OLD NEWCASTLE ROAD
21,3.0,1.0,0.0,27.0,0,9,2,1,14,1,2,1,1,0,3,1,2,2,1,1,25.0,25.0,25.0,20,20,11,4,1500 BLK CYPRESS ST
21,2.0,1.0,0.0,20.0,0,40,2,1,14,1,2,1,0,0,3,1,2,2,1,5,20.0,45.0,45.0,20,20,12,1,SEMINOLE TR  SEMINOLE LN
21,2.0,1.0,0.0,25.0,1,12,2,1,7,1,2,1,0,0,3,1,1,2,1,1,65.0,60.0,55.0,20,20,12,1,CHIPPENHAM PKWY
25,3.0,1.0,0.0,19.0,1,40,6,1,14,5,2,1,0,0,8,1,1,1,1,9,50.0,55.0,35.0,28,2,1,2,ROUTE 737: CONDE RD
68,1.0,1.0,0.0,79.0,0,1,2,1,14,1,2,1,0,0,3,1,2,1,22,1,55.0,55.0,55.0,23,23,12,3,ROUTE 15
21,1.0,1.0,0.0,72.0,0,12,2,1,14,1,0,1,0,0,3,1,1,2,1,1,25.0,45.0,0.0,20,20,12,4,2000 WOODHILL ROAD
21,1.0,1.0,0.0,21.0,1,31,1,1,14,4,2,1,0,0,3,11,1,1,22,10,60.0,65.0,65.0,28,5,12,3,SB RT. 288
43,1.0,1.0,0.0,18.0,0,12,1,1,14,1,3,1,0,0,3,12,1,2,1,1,45.0,55.0,55.0,20,20,12,3,S JAMES MADISON HWY
23,2.0,1.0,0.0,34.0,1,12,2,1,0,1,2,1,0,0,3,1,1,2,1,1,20.0,45.0,45.0,20,20,1,3,PRINCE GEORGE DR
31,1.0,1.0,0.0,16.0,0,11,2,1,14,1,0,1,0,0,3,1,1,2,1,3,0.0,40.0,40.0,20,20,11,1,NINE MILE RD
48,2.0,1.0,0.0,48.0,0,40,2,1,14,1,2,1,0,0,3,1,1,2,22,2,55.0,55.0,55.0,20,20,11,4,GERMANNA HWY
59,1.0,1.0,0.0,70.0,1,40,1,9,14,1,2,1,0,0,3,2,1,1,2,10,35.0,35.0,35.0,28,3,12,4,614 BLUE RIDGE AVE
43,1.0,1.0,0.0,72.0,0,11,2,1,14,1,2,1,0,0,3,12,2,2,22,3,10.0,55.0,0.0,20,20,12,3,JOY RANCH RD.
23,1.0,1.0,0.0,25.0,0,12,3,1,14,1,2,1,0,0,3,1,1,2,23,1,65.0,65.0,65.0,20,20,12,1,I-81 NORTH
31,1.0,1.0,0.0,22.0,1,12,1,7,2,1,2,1,0,0,3,1,1,2,1,1,70.0,70.0,70.0,20,20,12,1,I85
48,3.0,1.0,0.0,19.0,1,42,2,1,14,1,2,1,0,0,3,1,1,2,1,14,65.0,60.0,30.0,20,20,1,2,EAST BOUND I-64
59,2.0,1.0,0.0,25.0,1,12,2,1,14,1,2,1,0,0,3,1,2,2,2,6,45.0,55.0,55.0,20,20,1,1,IVY RD @ 250 BYPASS
25,2.0,1.0,0.0,0.0,0,11,5,9,11,6,3,1,0,0,6,13,0,1,1,1,1.0,25.0,25.0,19,19,1,4,SHIPPLETT BLVD
68,1.0,1.0,0.0,29.0,0,21,2,1,14,1,2,1,0,0,3,1,1,2,1,1,45.0,45.0,45.0,20,20,12,2,INDIAN RIVER
21,1.0,1.0,0.0,67.0,1,42,2,1,14,1,0,1,0,0,3,1,1,2,1,14,70.0,70.0,70.0,20,20,11,2,EB I -64
43,1.0,1.0,0.0,68.0,0,40,6,1,14,1,2,1,0,0,3,1,1,1,22,10,65.0,65.0,65.0,28,5,11,3,SB 77
23,3.0,1.0,0.0,45.0,1,12,1,1,7,1,2,1,0,0,3,2,1,2,2,1,55.0,55.0,55.0,20,20,12,3,CONSTITUTION HWY
31,1.0,1.0,0.0,73.0,1,1,2,1,14,1,2,1,0,0,3,1,2,1,2,1,40.0,45.0,45.0,23,23,12,3,NORTH HAYFIELD/INDIAN HOLLOW ROAD
48,1.0,1.0,0.0,24.0,0,11,2,1,14,1,2,1,0,0,3,1,2,2,1,3,15.0,35.0,0.0,20,20,11,2,ARBOR DR NE
59,1.0,1.0,0.0,44.0,1,42,2,1,14,1,2,1,0,0,3,1,1,1,1,9,65.0,70.0,65.0,28,14,12,2,INTERSTATE 64
18,1.0,1.0,0.0,65.0,1,40,2,9,7,1,0,1,0,0,3,1,2,2,1,1,20.0,30.0,0.0,6,6,1,4,MANCESTER LAKES  DR
17,2.0,1.0,0.0,36.0,1,12,2,1,11,1,2,1,0,0,3,1,2,2,1,1,15.0,25.0,25.0,20,20,12,3,1551 E  HIGH ST
9,1.0,1.0,0.0,23.0,1,12,2,1,14,1,2,1,0,0,3,1,1,2,1,5,35.0,45.0,0.0,20,20,12,4,3767 CHALLENGER AVE
12,1.0,1.0,0.0,56.0,1,42,2,1,14,1,2,1,0,0,3,1,2,2,23,14,65.0,70.0,70.0,20,20,1,3,SB I-81
61,1.0,1.0,0.0,22.0,1,12,2,1,14,1,2,1,0,0,3,1,1,2,1,1,40.0,65.0,10.0,20,20,11,4,INTERSTATE 64 WEST EXPRESS LANES
14,1.0,1.0,0.0,38.0,0,1,2,1,14,1,0,1,0,0,3,1,2,2,3,3,0.0,45.0,0.0,20,20,5,3,NUCKOLS RD
21,1.0,1.0,0.0,78.0,1,11,2,1,14,0,0,1,0,0,3,1,0,2,1,3,5.0,45.0,45.0,20,20,5,1,0784 DALE BOULEVARD
37,1.0,1.0,0.0,39.0,0,42,2,1,14,1,2,1,0,0,3,1,1,2,1,14,35.0,35.0,35.0,20,20,10,1,2900 RICHMOND HWY
21,1.0,1.0,0.0,27.0,0,40,2,1,7,0,0,1,0,0,3,1,1,2,22,1,0.0,25.0,25.0,6,6,1,1,BRANDON AVE
21,3.0,1.0,0.0,37.0,1,34,1,1,14,2,3,1,1,1,3,1,1,2,1,1,55.0,50.0,50.0,20,20,12,0,LEE HWY
25,1.0,1.0,0.0,30.0,0,1,8,1,14,1,2,1,0,0,3,1,2,1,1,9,35.0,55.0,45.0,28,2,12,3,RT 80
68,1.0,1.0,0.0,42.0,0,11,2,1,14,1,2,1,0,0,3,12,1,3,22,1,45.0,45.0,0.0,20,20,12,4,HULL STREET ROAD
21,1.0,1.0,0.0,69.0,1,1,2,1,14,1,2,1,0,0,3,1,2,1,22,1,55.0,55.0,55.0,23,23,12,2,US HWY 211 W
72,3.0,1.0,0.0,26.0,1,21,1,1,14,1,2,1,0,0,3,1,1,2,3,1,0.0,45.0,45.0,20,20,12,3,NORTH PARHAM ROAD
24,3.0,1.0,0.0,22.0,1,32,2,1,14,1,2,1,0,0,3,1,1,1,22,1,60.0,55.0,55.0,28,14,12,3,20567 COURTHOUSE HWY
23,1.0,1.0,0.0,45.0,0,34,0,9,0,6,3,0,0,1,0,0,0,2,0,0,0.0,70.0,0.0,20,20,0,3,INTERSTATE 95
31,1.0,1.0,0.0,42.0,1,40,2,6,2,1,2,1,0,0,3,1,1,1,2,9,70.0,70.0,70.0,28,8,11,3,SOUTHBOUND INTERSTATE 295
38,1.0,1.0,0.0,41.0,1,37,1,1,11,1,2,1,0,0,3,13,2,2,3,2,5.0,40.0,40.0,20,20,8,1,PUGHSVILLE RD
22,2.0,1.0,0.0,35.0,1,40,2,1,14,1,2,1,0,0,3,1,2,2,12,14,5.0,25.0,0.0,20,20,5,3,1200 CROZET AVE
83,1.0,1.0,0.0,19.0,0,34,0,9,11,6,3,0,0,1,0,13,0,5,22,1,0.0,25.0,25.0,20,20,12,0,UNIVERSITY CITY BLVD
23,1.0,1.0,0.0,29.0,1,12,1,1,14,1,2,1,0,0,8,1,1,2,1,1,50.0,55.0,10.0,20,20,12,2,LEE HWY
18,1.0,1.0,0.0,18.0,1,40,8,1,14,1,2,1,0,0,3,1,2,1,1,9,80.0,65.0,50.0,28,5,12,4,WB I-66
23,2.0,1.0,0.0,23.0,0,1,2,1,14,1,2,1,0,0,1,1,2,2,1,3,35.0,35.0,35.0,20,20,11,3,LEESBURG PIKE/ARLINGTON BLVD
69,3.0,1.0,0.0,0.0,0,34,0,9,11,6,3,0,0,1,0,13,0,1,22,2,5.0,25.0,25.0,19,19,11,0,GILMER AVENUE NW
20,1.0,1.0,0.0,58.0,1,40,2,1,14,1,2,1,0,0,3,1,2,1,22,9,70.0,70.0,70.0,28,5,1,4,I-66 WB
30,1.0,1.0,0.0,55.0,0,1,6,1,0,1,0,1,0,0,3,1,2,1,22,1,35.0,35.0,35.0,23,23,1,3,BELSPRING RD
61,1.0,1.0,0.0,52.0,1,42,2,1,14,1,2,1,0,0,3,1,1,2,3,14,5.0,55.0,5.0,20,20,12,1,I-495 NORTH
14,1.0,1.0,0.0,31.0,0,21,2,1,14,1,2,1,0,0,2,1,0,2,1,3,5.0,35.0,0.0,20,20,12,3,OYSTER POINT RD
21,1.0,1.0,0.0,63.0,0,3,2,1,14,1,2,1,0,0,3,1,1,2,1,5,60.0,60.0,50.0,20,20,12,1,I-95 NORTHBOUND
37,1.0,1.0,0.0,60.0,0,12,2,1,14,1,2,1,0,0,3,1,1,2,22,1,15.0,45.0,0.0,20,20,12,1,0001 RICHMOND HIGHWAY
21,1.0,1.0,0.0,38.0,1,22,2,1,14,1,0,1,0,0,3,1,1,4,22,3,5.0,45.0,45.0,20,20,11,2,JAE VALLEY RD
21,1.0,1.0,0.0,20.0,0,40,2,1,14,1,2,1,0,0,3,1,2,1,22,3,15.0,25.0,10.0,28,8,1,3,CAMBRIA ST NW
25,1.0,1.0,0.0,56.0,1,11,2,1,14,1,2,1,0,0,3,1,1,2,2,3,5.0,35.0,35.0,20,20,12,1,S. Hill Carter Pkwy
68,1.0,1.0,0.0,29.0,1,3,1,1,14,1,2,1,0,0,3,1,2,2,1,1,20.0,45.0,0.0,20,20,1,3,ISLAND RD
21,1.0,1.0,0.0,76.0,1,11,2,1,14,1,2,1,0,0,3,1,1,2,1,7,5.0,25.0,25.0,20,20,11,3,1325 DEVON LN
43,1.0,1.0,0.0,24.0,1,40,2,1,6,1,2,1,0,0,3,1,2,2,12,1,15.0,25.0,0.0,20,20,12,1,MATHIS AVE
23,1.0,1.0,0.0,28.0,1,11,2,1,11,1,2,1,0,0,3,1,1,2,1,1,20.0,25.0,25.0,20,20,1,1,200 N. ROWLAND ST.
31,1.0,1.0,0.0,19.0,1,12,2,1,14,1,2,1,0,0,3,12,2,3,3,1,15.0,25.0,25.0,20,20,12,2,RIVER RIDGE DR.
48,1.0,1.0,0.0,38.0,0,40,2,1,14,1,0,1,0,0,3,1,1,1,1,10,15.0,35.0,35.0,28,1,12,3,RT 837
59,1.0,1.0,0.0,67.0,1,1,2,1,14,1,2,1,0,0,3,1,2,2,22,1,15.0,15.0,15.0,27,20,12,4,COPELEY RD
18,1.0,1.0,0.0,29.0,0,12,2,1,14,1,2,1,0,0,3,1,1,2,22,7,20.0,45.0,45.0,20,20,12,1,500 S INDEPENDENCE BLVD
17,1.0,1.0,0.0,35.0,1,1,2,1,14,1,3,1,0,0,3,1,2,1,1,1,40.0,55.0,55.0,23,23,12,3,ACQUINTON CHURCH ROAD
43,1.0,1.0,0.0,41.0,1,18,2,1,14,1,2,1,0,0,3,1,2,2,1,12,5.0,30.0,30.0,20,20,6,1,2700 NEVADA AVE
11,2.0,1.0,0.0,22.0,0,37,2,1,0,1,2,1,0,0,3,14,2,2,1,14,30.0,45.0,45.0,20,20,10,2,PLANK RD
41,1.0,1.0,0.0,49.0,1,40,1,8,11,2,2,1,0,0,6,13,1,1,1,1,0.0,25.0,0.0,15,15,12,4,WASHINGTON BLVD
10,1.0,1.0,0.0,22.0,1,39,8,1,14,1,3,1,0,0,3,1,1,1,22,2,60.0,40.0,10.0,28,13,10,2,NOKES BOULEVARD - RT. 1793
8,1.0,1.0,0.0,41.0,1,40,1,6,2,1,2,1,0,0,3,1,1,1,1,10,65.0,70.0,70.0,28,5,12,1,I-81 NORTH
15,3.0,1.0,0.0,34.0,1,40,8,1,14,1,2,1,0,0,3,1,1,2,1,1,45.0,45.0,5.0,20,20,12,4,ROUTE 50
61,1.0,1.0,0.0,90.0,1,40,2,1,14,1,2,1,0,0,3,1,2,2,1,1,30.0,25.0,25.0,6,6,1,4,LIMESTONE WAY
14,1.0,1.0,0.0,54.0,1,8,2,1,14,1,2,1,0,0,3,1,2,2,4,6,15.0,55.0,0.0,20,20,2,4,INTERSTATE 264 WESTBOUND
21,3.0,1.0,0.0,17.0,1,11,1,1,14,1,2,1,0,0,3,1,1,2,22,3,5.0,25.0,25.0,20,20,12,4,SAUNDERS AVE
37,1.0,1.0,0.0,22.0,0,16,2,1,14,1,2,1,0,0,3,1,1,2,1,3,0.0,45.0,45.0,20,20,12,2,PATTERSON AVENUE
21,1.0,1.0,0.0,51.0,1,12,2,1,11,1,0,1,0,0,3,1,1,2,1,1,35.0,35.0,35.0,20,20,12,1,6900 TIDEWATER DR
21,3.0,1.0,0.0,33.0,1,12,1,1,5,1,2,1,0,0,3,1,1,3,1,1,35.0,45.0,45.0,20,20,12,2,0294 PRINCE WILLIAM PARKWAY
25,1.0,1.0,0.0,70.0,1,21,6,1,14,1,2,1,0,0,3,1,1,2,1,3,10.0,45.0,45.0,20,20,2,3,RT 29 @ BLAKE LN
68,3.0,1.0,0.0,64.0,0,34,2,9,14,6,2,1,1,1,3,1,3,2,1,1,5.0,25.0,25.0,6,6,1,1,BERKSHIRE BLVD
21,1.0,1.0,0.0,23.0,1,1,2,1,0,1,2,1,0,0,3,1,2,1,1,1,45.0,45.0,45.0,23,23,10,3,SHANNON HILL RD
61,3.0,1.0,0.0,26.0,0,12,1,1,7,1,2,1,0,0,3,1,1,3,1,1,60.0,60.0,40.0,20,20,12,3,I-95
14,1.0,1.0,0.0,30.0,0,1,2,1,14,1,2,1,0,0,3,1,2,1,1,1,50.0,55.0,55.0,23,23,11,4,ROUTE 58
21,1.0,1.0,0.0,57.0,1,21,2,1,11,1,2,1,0,0,3,1,1,2,1,3,10.0,35.0,0.0,20,20,12,2,DALE BOULEVARD/0784
37,3.0,1.0,0.0,41.0,1,40,8,1,14,1,2,1,0,0,3,1,1,1,1,9,60.0,60.0,60.0,28,9,12,2,INTERSTATE 64 EAST
21,1.0,1.0,0.0,18.0,0,11,2,1,14,1,2,1,0,0,3,2,1,2,22,16,5.0,45.0,10.0,20,20,12,3,LIGHTFOOT ROAD
21,1.0,1.0,0.0,78.0,1,42,2,1,14,1,2,1,0,0,3,1,1,2,23,14,65.0,70.0,70.0,20,20,5,1,INTERSTATE 81
25,1.0,1.0,0.0,22.0,0,11,2,1,14,1,2,1,0,0,3,1,1,2,1,1,5.0,25.0,25.0,20,20,12,1,W CARY ST
68,4.0,1.0,0.0,0.0,0,34,0,9,0,6,3,0,0,1,0,1,0,1,1,3,10.0,25.0,0.0,19,19,11,0,2100-BLK E MAIN ST
21,1.0,1.0,0.0,56.0,1,42,2,1,14,1,2,1,0,0,3,14,1,2,1,6,55.0,55.0,55.0,20,20,2,3,SOUTHBOUND I-95
21,1.0,1.0,0.0,31.0,0,11,2,1,14,1,0,1,0,0,3,1,1,2,1,3,10.0,30.0,30.0,20,20,12,2,700 PARK AVE
21,1.0,1.0,0.0,20.0,0,11,2,1,0,1,0,1,0,0,3,1,0,2,1,3,25.0,25.0,0.0,20,20,11,2,4000 HAMPTON BLVD
25,1.0,1.0,0.0,23.0,0,11,2,1,7,1,2,1,0,0,3,1,2,2,22,3,5.0,35.0,0.0,20,20,11,3,HOOVER RD.
68,1.0,1.0,0.0,82.0,0,41,0,9,0,6,3,0,0,1,0,0,0,2,22,13,0.0,45.0,0.0,28,28,0,1,JAMES MONROE HWY
21,2.0,1.0,0.0,35.0,1,42,2,1,14,1,2,1,0,0,3,14,1,2,1,14,25.0,35.0,35.0,20,20,5,2,GREENBRIER DR
21,1.0,1.0,0.0,30.0,1,11,1,1,1,1,2,1,0,0,3,1,1,2,1,3,25.0,45.0,0.0,20,20,3,3,GARRISONVILLE ROAD
43,1.0,1.0,0.0,16.0,1,40,2,1,14,1,2,1,0,0,3,1,2,1,1,3,35.0,35.0,35.0,28,28,12,4,E STUART
23,1.0,1.0,0.0,35.0,0,40,2,1,7,1,2,1,0,0,3,1,1,2,22,1,35.0,35.0,35.0,36,20,11,2,RIVER RD
31,1.0,1.0,0.0,58.0,1,42,2,1,14,1,2,1,0,0,3,1,1,1,2,14,55.0,55.0,0.0,28,11,11,2,INTERSTATE 64 EASTBOUND
48,1.0,1.0,0.0,45.0,0,12,2,1,11,1,2,1,0,0,3,1,1,2,22,2,0.0,35.0,0.0,20,20,12,3,SHADY GROVE RD
59,1.0,1.0,0.0,21.0,0,11,6,1,7,1,2,1,0,0,3,1,1,2,1,3,10.0,55.0,55.0,20,20,4,1,ROUTE 220
43,1.0,1.0,0.0,68.0,1,37,6,1,14,1,2,1,0,0,3,1,1,2,1,3,0.0,35.0,0.0,20,20,10,3,W NINE MILE RD
23,1.0,1.0,0.0,20.0,0,12,2,1,14,1,2,1,0,0,3,1,1,2,22,5,55.0,55.0,55.0,20,20,12,1,INTERSTATE 581
31,4.0,1.0,0.0,66.0,1,1,3,1,14,1,2,1,0,0,3,1,2,2,7,10,70.0,70.0,70.0,37,30,12,1,I - 81
48,1.0,1.0,0.0,22.0,0,11,1,1,14,1,0,1,0,0,3,1,1,2,22,3,10.0,25.0,25.0,20,20,2,2,400 E CITY HALL AVE
59,3.0,1.0,0.0,28.0,0,40,2,8,11,2,3,1,1,0,3,1,1,1,1,3,0.0,25.0,25.0,13,13,11,3,GRAYLAND AVE
25,1.0,1.0,0.0,34.0,1,34,2,8,11,2,2,1,0,1,8,1,1,3,1,2,0.0,10.0,10.0,6,6,7,4,CARLSTONE DR.
68,1.0,1.0,0.0,18.0,1,17,2,1,14,1,2,1,0,0,3,1,1,2,2,3,10.0,35.0,35.0,20,20,11,4,6440 N MILITARY HWY
21,1.0,1.0,0.0,45.0,1,12,2,1,14,1,2,1,0,0,3,1,1,2,22,1,20.0,45.0,45.0,20,20,6,1,0294 PRINCE WILLIAM PARKWAY
43,1.0,1.0,0.0,48.0,0,11,2,1,14,1,2,1,0,0,2,1,1,2,22,3,15.0,35.0,35.0,20,20,4,2,S STERLING BLVD
23,1.0,1.0,0.0,42.0,1,40,8,1,14,1,2,1,0,0,3,1,2,1,2,10,50.0,55.0,55.0,36,2,12,1,ROUTE 33
31,3.0,1.0,0.0,0.0,1,34,6,9,14,6,3,1,0,1,8,1,3,1,1,10,70.0,70.0,70.0,28,2,12,4,WESTBOUND I-64
48,3.0,1.0,0.0,18.0,0,43,2,1,14,1,2,1,1,0,3,1,2,1,1,9,55.0,55.0,55.0,28,30,12,4,14616 COURTHOUSE HWY
59,3.0,1.0,0.0,0.0,0,34,0,0,0,0,0,0,0,1,0,0,0,1,22,2,0.0,35.0,0.0,19,19,11,0,SOAPSTONE DR/GLENCOURSE LN
18,3.0,1.0,0.0,42.0,0,1,2,1,14,1,2,1,0,0,3,1,2,2,22,3,15.0,25.0,25.0,22,22,11,2,700 VIRGINIA BEACH BLVD
17,1.0,1.0,0.0,26.0,0,1,2,1,14,1,2,1,0,0,3,1,2,2,1,1,25.0,25.0,25.0,6,6,1,3,207B S. MAIN ST GORDONSVILLE VA 22942
9,3.0,1.0,0.0,58.0,1,21,1,1,14,1,2,1,0,0,3,1,1,2,22,1,45.0,45.0,45.0,20,20,11,4,BRADDOCK RD
12,1.0,1.0,0.0,24.0,1,12,2,1,7,1,2,1,0,0,3,1,1,2,2,1,35.0,45.0,0.0,20,20,12,1,0028 CENTREVILLE ROAD
61,1.0,1.0,0.0,36.0,0,1,2,1,14,1,2,1,0,0,3,1,0,1,1,1,45.0,60.0,60.0,25,25,12,3,S AMHERST HWY
14,2.0,1.0,0.0,40.0,1,11,2,1,14,1,2,1,0,0,3,11,1,3,1,1,10.0,25.0,25.0,20,20,1,2,Route 1/ N. Washington Hwy
21,1.0,1.0,0.0,54.0,0,40,8,1,7,1,2,1,0,0,3,1,1,2,1,9,65.0,65.0,65.0,28,6,1,3,I-95 SOUTH
37,1.0,1.0,0.0,0.0,0,34,0,9,11,6,3,0,0,1,0,13,0,2,0,1,0.0,25.0,25.0,6,6,0,0,1812 EASTERN AVE NE
21,1.0,1.0,0.0,18.0,1,11,2,1,14,1,2,1,0,0,3,1,1,2,2,3,0.0,45.0,45.0,20,20,4,2,3200 HOLLAND ROAD
21,1.0,1.0,0.0,16.0,0,40,2,1,14,1,2,1,0,0,3,1,1,1,1,9,60.0,70.0,70.0,28,5,1,1,INTERSTATE 81
25,1.0,1.0,0.0,24.0,1,12,2,1,11,1,0,1,0,0,3,13,2,2,2,1,25.0,35.0,35.0,20,20,12,3,1700 BLOCK UPTON DR
68,1.0,1.0,0.0,19.0,0,12,2,1,9,1,2,1,0,0,8,1,1,2,1,1,5.0,25.0,25.0,20,20,12,3,MAIN STREET
21,1.0,1.0,0.0,43.0,1,40,2,1,14,1,2,1,0,0,3,1,2,2,1,6,25.0,55.0,55.0,20,20,12,2,LEESBURG PIKE EB
23,3.0,1.0,0.0,34.0,1,42,2,1,14,0,3,1,0,0,3,2,1,2,1,14,45.0,45.0,45.0,20,20,1,3,WARWICK BLVD/LUCAS CREEK RD
18,1.0,1.0,0.0,57.0,1,40,2,1,14,1,2,1,0,0,3,1,2,1,22,9,35.0,35.0,35.0,28,3,12,1,OLD WASHINGTON HWY
23,1.0,1.0,0.0,26.0,1,40,1,7,11,1,2,1,0,0,3,1,0,2,1,1,25.0,25.0,25.0,6,6,12,2,NORTH SHORE DR.
69,1.0,1.0,0.0,23.0,0,21,2,1,0,1,3,1,0,0,3,1,1,2,1,1,0.0,25.0,25.0,20,20,3,2,100 BLK S. LINDEN STREET RICHMOND VA 23220
20,1.0,1.0,0.0,32.0,1,40,2,1,14,1,2,1,0,0,3,1,1,2,1,1,55.0,55.0,55.0,20,20,1,2,I 495 EAST
30,0.0,1.0,0.0,40.0,1,40,3,1,14,5,3,1,0,0,5,1,2,1,11,9,0.0,45.0,45.0,28,8,1,2,RT 250 / W BROAD ST
61,1.0,1.0,0.0,23.0,1,40,2,1,14,2,2,1,0,0,3,1,1,1,2,9,45.0,45.0,45.0,28,30,11,2,RTE 747/ FREEMASON RUN RD
14,1.0,1.0,0.0,22.0,1,40,1,1,14,1,2,1,0,0,3,2,2,1,22,1,35.0,35.0,35.0,2,2,12,3,MEADOWBRANCH AVE
21,1.0,1.0,0.0,27.0,0,12,2,1,7,1,2,1,0,0,3,1,1,2,1,1,35.0,35.0,35.0,20,20,12,4,DENBIGH BLVD
37,1.0,1.0,0.0,19.0,1,37,2,1,14,1,2,1,0,0,3,2,3,3,1,1,35.0,55.0,0.0,20,20,12,1,ROUTE 19
21,1.0,1.0,0.0,41.0,1,40,2,2,14,1,2,1,0,0,3,1,1,1,1,9,35.0,35.0,35.0,28,5,12,3,7400 ORDWAY RD
21,3.0,1.0,0.0,19.0,1,40,1,1,14,1,0,1,1,0,3,1,2,1,1,9,0.0,35.0,35.0,28,14,12,1,9101 OLD STAPLES MILL RD
25,1.0,1.0,0.0,50.0,1,40,2,1,14,1,2,1,0,0,3,1,1,3,2,9,55.0,55.0,0.0,28,20,11,4,STRASBURG RD
68,1.0,1.0,0.0,37.0,1,42,2,1,14,1,0,1,0,0,3,1,1,2,22,14,40.0,45.0,45.0,20,20,1,1,JEFFERSON AVENUE
21,1.0,1.0,0.0,28.0,0,40,2,1,4,1,2,1,0,0,3,1,2,2,3,1,40.0,45.0,45.0,20,20,12,3,5300-BLK CATLETT RD
43,1.0,1.0,0.0,83.0,0,21,1,9,10,1,2,1,0,0,3,12,2,2,22,1,20.0,25.0,25.0,20,20,12,3,2700 GRANBY STREET
43,1.0,1.0,0.0,16.0,0,12,2,1,14,1,0,1,0,0,3,1,2,2,1,1,20.0,45.0,0.0,20,20,12,3,US ROUTE 1
23,1.0,1.0,0.0,82.0,0,11,2,8,14,1,0,1,0,1,3,1,2,2,1,2,10.0,40.0,40.0,20,20,11,2,US HWY 23N
31,4.0,1.0,0.0,31.0,1,11,6,1,14,1,3,1,1,0,3,1,2,3,1,3,25.0,35.0,35.0,20,20,12,4,COLISEUM DR
48,1.0,1.0,0.0,45.0,1,40,2,1,14,2,2,1,0,0,3,1,1,1,1,9,70.0,70.0,60.0,28,1,1,1,NB I 81
59,1.0,1.0,0.0,33.0,1,13,2,1,14,1,2,1,0,0,3,1,2,2,1,5,5.0,45.0,45.0,20,20,6,1,MONETA ROAD
18,1.0,1.0,0.0,32.0,0,37,2,1,14,3,2,1,0,0,3,1,1,2,1,8,0.0,55.0,55.0,20,20,6,4,INTERSTATE 64 WESTBOUND
17,1.0,1.0,0.0,41.0,0,37,8,6,2,1,2,1,0,0,3,1,2,1,1,9,0.0,25.0,25.0,28,3,12,4,1270 / MOUNT PLEASANT DRIVE
9,1.0,1.0,0.0,19.0,0,1,6,1,14,1,2,1,0,0,3,1,2,1,22,1,55.0,55.0,55.0,23,23,2,1,ROUTE 340
12,1.0,1.0,0.0,58.0,1,42,2,1,14,1,2,1,0,0,3,1,1,2,23,14,65.0,65.0,65.0,20,20,2,3,SOUTHBOUND INTERSTATE 95
61,1.0,1.0,0.0,28.0,0,40,2,1,14,1,2,1,0,0,3,1,1,1,1,10,55.0,55.0,55.0,28,5,7,3,ROUTE 29
14,1.0,1.0,0.0,68.0,0,1,2,1,14,1,2,1,0,0,3,1,0,1,1,1,45.0,45.0,0.0,13,23,11,3,DILLARD ROAD
21,2.0,1.0,0.0,17.0,0,32,1,1,0,1,2,1,0,0,3,1,2,1,1,9,45.0,45.0,45.0,28,14,12,2,POLE RUN RD
37,1.0,1.0,0.0,31.0,0,12,2,1,14,1,2,1,0,0,3,1,1,2,1,1,55.0,55.0,55.0,20,20,12,1,3200 JAMES MADISON HWY
21,1.0,1.0,0.0,41.0,0,1,2,1,14,1,2,1,0,0,3,1,2,2,1,9,65.0,65.0,65.0,20,20,10,3,INTERSTATE 295
21,1.0,1.0,0.0,19.0,1,40,8,1,5,1,2,1,0,0,3,1,1,2,1,1,45.0,45.0,45.0,20,20,12,2,THOMAS JEFFERSON PARKWAY
25,1.0,1.0,0.0,25.0,1,42,2,1,14,1,2,1,0,0,3,1,2,2,1,14,45.0,45.0,45.0,20,20,10,2,W MERCURY BLVD
68,1.0,1.0,0.0,57.0,1,2,1,1,14,1,2,1,0,0,3,1,1,1,1,6,50.0,35.0,0.0,11,11,12,3,66EB/286SB
21,1.0,1.0,0.0,29.0,1,12,2,1,14,1,2,1,0,0,3,1,1,2,22,1,20.0,60.0,0.0,20,20,12,4,I-64 WEST
23,2.0,1.0,0.0,63.0,0,11,2,1,14,1,3,1,0,0,3,1,1,2,1,3,0.0,35.0,35.0,20,20,12,2,FORT AVE
18,3.0,1.0,0.0,20.0,1,40,1,6,2,2,0,1,1,0,3,1,1,1,1,10,50.0,55.0,0.0,36,2,11,2,14099 MOUNTAIN ROAD
23,1.0,1.0,0.0,30.0,1,11,2,1,14,1,2,1,0,0,3,1,1,2,1,3,15.0,45.0,45.0,20,20,11,2,IRA HOFFMAN LN
69,1.0,1.0,0.0,32.0,1,11,2,1,7,1,2,1,0,0,3,1,2,2,22,4,5.0,25.0,25.0,20,20,11,3,MINERVA DR
21,1.0,1.0,0.0,46.0,0,12,2,1,7,1,2,1,0,0,3,1,2,2,2,1,10.0,25.0,0.0,20,20,12,1,N ROXBURY MILL RD
25,3.0,1.0,0.0,22.0,1,2,6,1,14,1,2,1,1,0,3,1,2,1,22,10,60.0,55.0,55.0,28,2,3,1,ROUTE 28 / SULLY ROAD
68,1.0,1.0,0.0,74.0,0,12,2,1,14,1,2,1,0,0,3,1,1,5,22,1,65.0,70.0,70.0,20,20,12,1,NB I-85
21,1.0,1.0,0.0,0.0,0,0,2,0,0,0,0,0,0,0,0,0,0,1,1,11,0.0,25.0,0.0,20,20,10,2,13829 RANDOLPH POND LN
21,1.0,1.0,0.0,23.0,1,43,1,1,14,6,3,1,0,0,3,1,2,1,1,10,55.0,55.0,55.0,28,11,12,1,NB I-95
43,1.0,1.0,0.0,24.0,1,12,2,1,6,1,2,1,0,0,3,1,1,2,1,1,20.0,55.0,0.0,20,20,12,3,I-581
23,2.0,1.0,0.0,74.0,0,1,2,1,14,6,3,1,0,0,3,13,2,2,22,3,10.0,25.0,25.0,20,20,11,1,Riverside Drive
31,1.0,1.0,0.0,24.0,1,40,1,1,14,1,2,1,0,0,3,1,1,1,22,3,30.0,35.0,35.0,20,20,1,1,NEFF AVE
48,1.0,1.0,0.0,49.0,0,21,2,1,14,1,2,1,0,0,3,1,1,2,22,1,35.0,35.0,0.0,20,20,1,2,1100 LASKIN ROAD
59,2.0,1.0,0.0,64.0,0,1,2,1,14,0,0,1,0,0,3,1,2,2,1,8,5.0,55.0,55.0,20,20,5,2,US-460 E
43,1.0,1.0,0.0,23.0,0,1,2,1,14,1,2,1,0,0,3,1,2,2,1,1,50.0,50.0,0.0,20,20,12,1,1/RICHMOND HIGHWAY
23,1.0,1.0,0.0,50.0,1,42,2,1,14,1,2,1,0,0,3,14,1,2,23,14,67.0,70.0,70.0,20,20,1,1,INTERSTATE 81
31,4.0,1.0,0.0,43.0,1,40,1,6,2,2,2,1,0,0,9,1,1,1,1,9,40.0,25.0,25.0,28,2,12,1,200 VAN BUREN ST
48,1.0,1.0,0.0,18.0,1,12,8,1,7,1,2,1,0,0,3,1,1,2,1,1,45.0,45.0,45.0,20,20,12,1,RT 623/ASHLAND RD
59,1.0,1.0,0.0,42.0,1,12,2,1,14,1,2,1,0,0,3,1,2,2,23,1,35.0,45.0,25.0,20,20,12,1,CHAINBRIDGE RD/JERMANTOWN RD
25,1.0,1.0,0.0,62.0,0,12,2,1,14,1,2,1,0,0,3,1,1,2,1,1,5.0,25.0,25.0,20,20,12,1,5400 INDIAN RIVER ROAD
68,1.0,1.0,0.0,40.0,1,17,2,1,14,1,2,1,0,0,3,1,1,2,1,3,25.0,35.0,35.0,20,20,11,4,BATTLEFIELD BOULEVARD
21,1.0,1.0,0.0,34.0,1,40,1,1,14,3,0,1,0,0,3,1,1,1,1,1,10.0,45.0,45.0,28,2,12,1,SEAYS ROAD
43,1.0,1.0,0.0,19.0,0,31,2,1,14,1,0,1,0,0,3,1,2,2,22,6,5.0,25.0,25.0,20,20,9,3,228 S LIBERTY ST
23,1.0,1.0,0.0,17.0,1,12,1,1,14,1,3,1,0,0,3,1,1,2,22,1,0.0,35.0,0.0,20,20,12,4,LAKESIDE DR
31,1.0,1.0,0.0,28.0,1,40,1,1,14,1,2,1,0,0,3,1,2,1,2,10,40.0,40.0,40.0,36,2,12,1,NEWBYS BRIDGE ROAD
37,1.0,1.0,0.0,18.0,1,12,2,1,14,1,2,1,0,0,3,1,1,2,1,5,50.0,55.0,55.0,20,20,12,4,LEESBURG PIKE WB (ROUTE 7 WB)
21,1.0,1.0,0.0,46.0,1,12,5,8,14,1,3,1,0,0,3,1,1,2,2,1,0.0,45.0,0.0,20,20,12,2,ROUTE 608 MASSAPONAX CHURCH RD
21,1.0,1.0,0.0,35.0,1,2,2,1,14,1,2,1,0,0,3,1,1,2,1,9,70.0,65.0,55.0,28,20,3,1,I-95 NORTH
25,1.0,1.0,0.0,36.0,0,8,2,1,14,1,2,1,0,0,3,14,1,2,22,2,25.0,35.0,35.0,20,20,4,2,0784 DALE BOULEVEARD
68,1.0,1.0,0.0,79.0,0,42,2,1,14,1,2,1,0,0,3,1,1,2,1,14,45.0,45.0,45.0,20,20,11,3,TIMBERLAKE RD
21,1.0,1.0,0.0,29.0,0,40,8,1,14,1,2,1,0,0,3,1,1,1,1,10,70.0,70.0,60.0,28,5,12,2,I-66
23,1.0,1.0,0.0,28.0,0,14,1,1,14,1,2,1,0,0,3,1,2,2,22,2,20.0,35.0,35.0,20,20,0,3,25245 PLEASANT VALLEY RD
18,3.0,1.0,0.0,23.0,0,40,6,1,14,1,2,1,0,0,3,1,2,1,1,10,65.0,65.0,65.0,28,1,11,1,I-81
21,4.0,1.0,0.0,56.0,1,40,1,1,14,1,2,1,1,0,3,1,0,2,2,10,50.0,35.0,35.0,28,28,12,3,OFF RAMP SB 95 104
21,3.0,1.0,0.0,83.0,0,12,1,1,14,1,2,1,0,0,3,1,2,3,1,1,45.0,55.0,55.0,20,20,12,4,IVY RD
25,1.0,1.0,0.0,37.0,1,15,2,1,14,6,3,1,0,0,3,12,2,2,22,2,15.0,35.0,35.0,20,20,1,2,BYPASS RD
68,1.0,1.0,0.0,29.0,0,9,2,1,14,1,2,1,0,0,3,1,1,2,22,1,35.0,45.0,45.0,20,20,11,4,2000 SMOKETOWN ROAD
21,3.0,1.0,0.0,0.0,0,35,3,1,14,1,2,1,1,0,9,1,2,2,1,7,5.0,20.0,0.0,6,6,6,1,NEWLAND CT
21,1.0,1.0,0.0,48.0,0,34,0,9,14,6,3,0,0,1,0,1,3,2,22,1,0.0,25.0,25.0,20,20,12,4,CASTLE POINT RD
21,1.0,1.0,0.0,33.0,0,1,2,1,1,1,2,1,0,0,3,1,0,1,22,1,50.0,55.0,55.0,23,23,12,1,2295 MILLWOOD PIKE
25,1.0,1.0,0.0,34.0,0,31,2,1,14,6,3,1,0,0,3,1,2,2,1,1,35.0,35.0,35.0,20,20,1,2,5049 SULLIVAN BLVD
68,1.0,1.0,0.0,29.0,1,1,2,1,14,0,0,1,0,0,3,1,2,1,1,1,55.0,55.0,55.0,23,23,12,4,6555 PATRICK HENRY HIGHWAY
21,1.0,1.0,0.0,16.0,1,12,2,1,14,6,3,1,0,0,3,1,1,2,1,1,0.0,35.0,35.0,20,20,12,1,PUMP RD
21,1.0,1.0,0.0,69.0,1,16,2,1,14,1,2,1,0,0,3,1,1,2,2,2,10.0,45.0,45.0,20,20,5,1,ROUTE 340/ STUARTS DRAFT HIGHWAY
43,1.0,1.0,0.0,66.0,0,42,2,1,14,1,2,1,0,0,3,1,1,2,22,14,50.0,55.0,55.0,20,20,1,2,EAST MIDLAND TRAIL
23,1.0,1.0,0.0,22.0,0,32,2,1,14,1,1,1,0,0,3,1,2,2,1,1,25.0,25.0,25.0,6,6,1,4,6400 BUCKINGHAM ST
31,1.0,1.0,0.0,55.0,1,21,2,1,14,1,2,1,0,0,3,1,1,2,1,1,35.0,25.0,25.0,20,20,12,3,LOUDON AVE NW
48,4.0,1.0,0.0,19.0,1,22,3,1,14,1,2,1,1,0,8,1,2,2,9,1,30.0,25.0,25.0,20,20,12,2,14TH ST NW
59,1.0,1.0,0.0,32.0,0,40,1,1,11,1,2,1,0,0,3,1,1,3,1,1,35.0,35.0,35.0,20,20,11,1,WOLF RUN SHOALS RD
43,1.0,1.0,0.0,46.0,1,12,2,1,14,1,3,1,0,0,3,1,1,2,1,5,0.0,25.0,25.0,20,20,12,1,BELVIDERE ST
23,1.0,1.0,0.0,29.0,1,11,6,1,14,1,2,1,0,0,3,11,2,2,2,3,10.0,40.0,0.0,20,20,9,2,CREIGHTON ROAD
31,1.0,1.0,0.0,69.0,1,1,2,1,14,1,2,1,0,0,3,1,2,2,22,1,45.0,65.0,45.0,20,20,1,1,I-95
48,2.0,1.0,0.0,30.0,1,37,2,8,14,1,2,1,1,0,9,1,3,2,1,5,0.0,25.0,25.0,20,20,12,1,CROZET AVE
59,1.0,1.0,0.0,34.0,1,12,8,1,7,1,2,1,0,0,3,1,1,2,1,9,70.0,60.0,60.0,28,20,11,4,WESTBOUND I-66
25,3.0,1.0,0.0,58.0,0,21,1,1,14,1,2,1,1,0,3,1,1,2,1,3,15.0,45.0,0.0,20,20,5,1,0674 WELLINGTON ROAD
68,1.0,1.0,0.0,80.0,1,1,1,1,14,1,2,1,0,0,3,1,2,2,1,1,25.0,25.0,25.0,20,20,12,3,3500 LLEWELLYN AVE
21,1.0,1.0,0.0,50.0,1,21,2,1,14,1,2,1,0,0,3,12,1,2,22,1,25.0,25.0,25.0,20,20,4,2,E MAIN ST
43,0.0,1.0,0.0,18.0,1,31,3,1,14,1,2,1,0,0,5,1,2,2,11,15,0.0,45.0,45.0,36,20,12,3,RT2TIDEWATER TRAIL
23,1.0,1.0,0.0,37.0,1,1,2,1,14,1,2,1,0,0,3,1,2,2,1,1,15.0,55.0,15.0,20,20,5,1,INTERSTATE 495 NORTHBOUND
31,3.0,1.0,0.0,36.0,1,11,2,1,14,1,2,3,0,0,1,10,1,2,1,2,10.0,35.0,35.0,20,20,11,2,E LITTLE BACK RIVER RD
48,1.0,1.0,0.0,56.0,1,32,2,1,14,1,2,1,0,0,3,1,2,1,1,9,70.0,70.0,70.0,28,5,1,1,NB I-81
59,1.0,1.0,0.0,19.0,0,40,8,1,14,1,2,1,0,0,3,1,2,1,1,9,45.0,45.0,45.0,28,30,1,1,RT 641 DELTA DR
18,3.0,1.0,0.0,20.0,0,12,2,1,14,0,0,1,0,0,3,1,1,3,22,1,35.0,35.0,35.0,20,20,12,3,600 BLCK LYNNHAVEN PKWY
17,1.0,1.0,0.0,49.0,1,11,2,1,14,1,2,1,0,0,3,1,1,2,2,1,10.0,55.0,0.0,20,20,11,4,JOHN MOSBY HWY
9,2.0,1.0,0.0,22.0,1,40,1,1,14,2,2,1,0,0,3,1,1,1,1,9,45.0,45.0,30.0,28,2,12,2,CHRIST CHURCH RD
12,4.0,1.0,0.0,21.0,0,41,2,1,0,1,2,1,0,0,3,1,1,3,22,13,45.0,50.0,40.0,20,20,2,3,RT 522/SANDY HOOK RD
61,1.0,1.0,0.0,25.0,0,21,6,1,8,1,0,1,0,0,3,1,1,2,1,1,40.0,45.0,45.0,20,20,10,1,PLANTATION RD
14,1.0,1.0,0.0,50.0,1,42,2,1,14,1,2,1,0,0,3,1,1,2,1,14,70.0,65.0,60.0,20,20,7,4,WEST I66
21,3.0,1.0,0.0,51.0,1,12,8,1,14,1,2,1,0,0,3,1,1,2,1,1,45.0,45.0,45.0,20,20,12,4,5280 CENTRALIA RD
37,1.0,1.0,0.0,35.0,1,8,2,1,14,1,0,1,0,0,3,1,1,2,23,2,25.0,35.0,35.0,20,20,3,2,HENRY FORD DRIVE
21,1.0,1.0,0.0,75.0,0,11,2,1,14,1,2,1,0,0,3,1,1,2,1,3,5.0,25.0,25.0,20,20,3,3,105 CLOVERLEAF DRIVE
21,1.0,1.0,0.0,25.0,0,1,1,1,14,1,2,1,0,0,3,1,2,1,1,1,55.0,55.0,55.0,23,23,1,1,RT 311
25,1.0,1.0,0.0,43.0,0,12,2,1,14,1,3,1,0,0,3,1,1,2,1,5,25.0,55.0,0.0,20,20,12,1,CHIPPENHAM PKWY
68,1.0,1.0,0.0,20.0,1,12,2,1,14,1,3,1,0,0,3,1,1,2,2,1,0.0,35.0,35.0,20,20,12,3,RIVERMONT AVE
21,1.0,1.0,0.0,25.0,1,1,2,1,14,1,2,1,0,0,3,1,2,1,22,1,55.0,55.0,55.0,23,23,2,4,FRIES RD.
21,1.0,1.0,0.0,27.0,1,40,1,1,14,0,0,1,0,0,3,1,2,3,1,1,45.0,45.0,0.0,20,20,12,2,RT 7
21,1.0,1.0,0.0,20.0,1,11,2,1,0,1,3,1,0,0,3,16,1,3,1,3,10.0,30.0,30.0,20,20,5,2,5003 GEORGE WASHINGTON HWY
25,1.0,1.0,0.0,30.0,1,34,2,8,11,3,2,1,0,1,3,1,1,2,22,1,25.0,25.0,25.0,6,6,1,2,1100 BLOCK WEST CARY STREET
68,1.0,1.0,0.0,32.0,0,40,1,1,2,1,2,1,0,0,3,1,1,2,1,15,25.0,25.0,25.0,20,20,11,1,600 10TH ST NW
21,3.0,1.0,0.0,75.0,0,11,1,1,14,1,2,1,0,0,3,1,1,2,22,3,5.0,55.0,0.0,20,20,12,1,REGINA RD
43,1.0,1.0,0.0,20.0,1,40,1,6,2,1,0,1,0,0,3,1,1,1,1,1,45.0,45.0,45.0,5,5,12,4,ROUTE 7
23,1.0,1.0,0.0,16.0,1,1,2,1,14,1,2,1,0,0,3,1,2,1,1,1,60.0,55.0,55.0,23,23,12,2,HARRY BYRD HIGHWAY
31,3.0,1.0,0.0,39.0,1,42,2,1,14,1,3,1,0,0,3,1,0,2,2,6,0.0,45.0,0.0,20,20,2,4,RTE 236
48,2.0,1.0,0.0,26.0,1,12,2,1,7,1,2,1,0,0,3,1,1,2,22,1,20.0,45.0,45.0,20,20,12,3,SEMINOLE TRL
59,1.0,1.0,0.0,20.0,1,40,2,1,14,1,2,1,0,0,3,1,1,1,2,10,45.0,55.0,35.0,36,30,11,1,ROUTE 608/ TINKLING SPRINS RD
18,1.0,1.0,0.0,29.0,1,12,8,1,14,1,3,1,0,0,3,1,1,2,1,1,0.0,65.0,65.0,20,20,12,4,RICHMOND HWY
17,3.0,1.0,0.0,30.0,0,11,2,1,14,1,2,1,0,0,3,1,1,2,1,3,10.0,35.0,35.0,20,20,11,2,1781 TELEGRAPH ROAD
43,3.0,1.0,0.0,78.0,0,15,2,1,0,1,2,1,0,0,3,12,1,2,1,3,30.0,45.0,45.0,20,20,12,4,RIVER RD
11,1.0,1.0,0.0,52.0,1,11,2,1,14,1,2,1,0,0,3,1,1,2,2,1,35.0,35.0,35.0,20,20,5,2,RT1RICHMOND HWY
41,1.0,1.0,0.0,34.0,1,10,2,1,14,1,2,1,0,0,3,12,1,2,4,1,30.0,45.0,10.0,36,20,11,1,FLAT RUN ROAD
10,1.0,1.0,0.0,22.0,0,40,1,1,14,1,0,1,0,0,3,1,1,1,1,1,20.0,55.0,55.0,28,2,12,4,SPOTSWOOD TRL
8,2.0,1.0,0.0,16.0,1,11,2,1,4,1,2,1,0,0,3,1,1,2,3,1,25.0,25.0,0.0,20,20,11,1,ROLKIN RD
15,1.0,1.0,0.0,32.0,0,37,2,1,14,1,2,1,0,0,3,1,1,2,1,6,5.0,25.0,25.0,20,20,11,2,W BROAD ST
61,1.0,1.0,0.0,61.0,1,12,2,1,14,1,2,1,0,0,3,1,1,2,1,1,15.0,45.0,0.0,20,20,11,3,ROUTE 221
14,2.0,1.0,0.0,56.0,0,42,2,1,0,1,2,1,1,0,3,1,1,2,1,14,35.0,35.0,35.0,20,20,1,4,3316 HIGH ST
21,1.0,1.0,0.0,23.0,1,12,2,1,14,1,2,1,0,0,3,1,2,2,1,5,35.0,55.0,0.0,20,20,12,4,WESTBOUND I-64
37,3.0,1.0,0.0,34.0,0,11,6,1,14,1,2,1,1,0,3,1,1,2,3,3,5.0,60.0,0.0,20,20,4,1,PATRICK HENRY HWY WEST
21,3.0,1.0,0.0,29.0,0,11,2,1,14,1,2,1,0,0,3,1,1,2,1,5,15.0,25.0,5.0,20,20,1,3,1550 CRYSTAL DR
21,1.0,1.0,0.0,69.0,1,14,2,1,11,0,0,1,0,0,3,1,1,2,2,2,15.0,15.0,15.0,20,20,11,2,OHIO ST./PORT REPUBLIC RD.
25,1.0,1.0,0.0,67.0,1,11,2,1,14,1,2,1,0,0,3,1,1,2,2,3,0.0,45.0,45.0,20,20,3,4,MECHANICSVILLE TPKE
68,1.0,1.0,0.0,0.0,0,40,2,9,11,6,3,1,0,1,8,1,2,1,2,3,0.0,25.0,25.0,28,12,12,0,DECATUR ST
38,1.0,1.0,0.0,31.0,1,37,2,1,14,1,0,1,0,0,3,1,2,2,1,2,0.0,30.0,0.0,20,20,3,2,3600 SEWELLS POINT RD
22,1.0,1.0,0.0,52.0,0,1,2,1,14,1,3,1,0,0,3,1,2,3,2,8,0.0,40.0,40.0,20,20,6,3,2792 US HWY 23 SOUTH
83,3.0,1.0,0.0,23.0,0,11,2,1,14,1,2,1,0,0,3,1,1,2,1,3,15.0,45.0,0.0,20,20,5,1,ROUTE 750 / MOUNT CROSS ROAD
23,3.0,1.0,0.0,59.0,1,21,2,1,14,1,2,1,0,0,3,1,1,2,22,1,30.0,45.0,45.0,20,20,12,1,HULL STREET RD ROUTE 360
18,1.0,1.0,0.0,19.0,1,12,2,1,14,1,2,1,0,0,3,1,1,2,1,1,15.0,60.0,0.0,20,20,12,2,INTERSTATE 64
23,1.0,1.0,0.0,52.0,1,11,2,1,14,1,2,1,0,0,3,1,2,2,1,3,20.0,45.0,0.0,20,20,4,2,GREENBRIER PKWY
69,1.0,1.0,0.0,26.0,0,12,2,1,7,1,2,1,0,0,3,1,1,2,2,1,20.0,25.0,25.0,20,20,12,2,W MAIN ST/NEW HOPE RD
20,4.0,1.0,0.0,39.0,0,37,2,1,14,1,2,1,0,0,3,1,2,1,22,1,0.0,35.0,35.0,19,19,12,2,HULL ST RD
30,3.0,1.0,0.0,24.0,1,2,1,1,14,1,2,1,1,0,3,1,1,1,22,9,65.0,60.0,60.0,28,1,12,1,ROUTE 23
61,1.0,1.0,0.0,54.0,1,1,2,1,14,1,2,1,0,0,3,1,2,1,2,1,45.0,45.0,45.0,23,23,12,1,VIRGIL H. GOODE HWY. (RT. 220)
14,1.0,1.0,0.0,66.0,0,12,2,1,11,1,2,1,0,0,3,1,1,2,1,1,5.0,35.0,35.0,20,20,12,1,Lee Highway
21,1.0,1.0,0.0,21.0,1,37,1,1,14,1,2,1,0,0,3,1,2,2,1,1,5.0,25.0,25.0,20,20,12,2,10TH ST NW
37,1.0,1.0,0.0,56.0,1,40,2,1,14,1,2,1,0,0,3,1,1,2,2,2,20.0,25.0,25.0,20,20,11,1,HILLCREST PLACE
21,1.0,1.0,0.0,30.0,1,15,2,1,14,1,0,1,0,0,3,1,1,2,1,3,35.0,35.0,0.0,20,20,12,3,BROOKDALE ST
21,1.0,1.0,0.0,21.0,1,40,2,1,14,1,2,1,0,0,3,1,1,1,3,1,35.0,35.0,35.0,27,27,1,2,0639 HORNER ROAD
25,1.0,1.0,0.0,55.0,1,12,2,1,4,1,2,1,0,0,3,1,1,2,3,1,20.0,45.0,45.0,20,20,12,4,0634 SPRIGGS ROAD
68,2.0,1.0,0.0,82.0,1,42,2,1,14,1,2,1,0,0,3,1,1,2,2,2,10.0,45.0,45.0,20,20,3,4,WATERFORD RD
72,3.0,1.0,0.0,60.0,1,40,3,1,14,1,2,1,0,0,5,1,2,1,11,9,40.0,45.0,45.0,28,13,12,2,MILLS DRIVE (RT 17)
24,1.0,1.0,0.0,64.0,1,11,2,1,14,1,2,1,0,0,3,1,2,2,3,3,12.0,35.0,35.0,20,20,1,2,HOOES RD
23,1.0,1.0,0.0,19.0,1,40,2,1,1,1,2,1,0,0,3,1,1,2,2,1,45.0,45.0,45.0,20,20,12,4,RT7/LEESBURG PIKE
31,1.0,1.0,0.0,58.0,1,1,2,1,14,1,2,1,0,0,3,1,2,1,1,1,60.0,55.0,55.0,23,23,12,1,RT 220 ROANOKE RD
38,1.0,1.0,0.0,31.0,0,12,2,1,14,1,2,1,0,0,3,1,1,2,1,1,15.0,30.0,30.0,20,20,12,4,1400 ORANGE AVE NE
22,1.0,1.0,0.0,69.0,1,12,8,1,14,1,2,1,0,0,3,12,1,3,2,1,40.0,50.0,50.0,20,20,12,2,6195 MECHANICSVILLE TPK
83,1.0,1.0,0.0,61.0,0,43,1,1,6,1,2,1,0,0,3,1,1,1,1,1,25.0,25.0,25.0,14,2,12,1,1086 SANDLEWOOD LANE
23,1.0,1.0,0.0,20.0,0,42,2,1,14,1,2,1,0,0,3,1,1,2,22,14,35.0,35.0,35.0,20,20,1,4,W MARKET ST
18,3.0,1.0,0.0,43.0,1,12,2,6,2,1,2,1,0,0,3,1,1,2,3,1,50.0,55.0,40.0,20,20,12,2,I-66 EAST
23,3.0,1.0,0.0,24.0,0,12,1,1,14,1,2,1,0,0,3,1,1,3,22,1,60.0,55.0,0.0,20,20,12,2,I-64 EAST BOUND
69,3.0,1.0,0.0,28.0,1,40,1,1,14,1,2,1,0,0,3,1,2,1,22,9,75.0,70.0,70.0,28,14,12,1,I-85
20,1.0,1.0,0.0,26.0,1,40,2,1,14,1,2,1,0,0,3,1,1,1,4,9,65.0,60.0,60.0,28,5,12,3,I-81 - 137 EXIT
30,1.0,1.0,0.0,36.0,1,12,2,1,14,1,2,1,0,0,3,12,1,2,22,1,25.0,55.0,5.0,20,20,12,2,EAST I-264
8,1.0,1.0,0.0,27.0,1,40,1,1,14,1,2,1,0,0,3,1,1,1,1,9,70.0,70.0,70.0,28,30,12,3,INTERSTATE 81
15,1.0,1.0,0.0,28.0,0,19,2,1,14,1,2,1,0,0,3,1,2,4,22,7,5.0,25.0,25.0,20,20,12,3,BUCKMAN RD/RT836
61,3.0,1.0,0.0,47.0,0,12,1,1,14,0,0,1,0,0,3,1,1,2,1,1,35.0,45.0,0.0,20,20,12,1,0640 MINNIEVILLE ROAD
14,3.0,1.0,0.0,11.0,1,1,3,1,14,1,2,1,0,0,9,1,2,2,22,2,5.0,30.0,30.0,20,20,7,3,10 S GLEBE RD
21,1.0,1.0,0.0,33.0,0,12,2,1,14,1,2,1,0,0,3,2,1,2,3,1,10.0,55.0,5.0,20,20,12,1,I-495 NORTH
37,1.0,1.0,0.0,26.0,0,37,2,6,0,1,2,1,0,0,1,1,2,1,1,10,60.0,60.0,60.0,28,5,11,4,5000 WESTERN FWY
21,1.0,1.0,0.0,55.0,1,12,2,1,14,1,2,1,0,0,3,1,1,3,2,5,10.0,70.0,3.0,20,20,12,4,WEST BOUND INTERSTATE 64
21,3.0,1.0,0.0,23.0,0,12,2,1,14,1,2,1,0,0,3,16,1,2,1,14,10.0,35.0,35.0,20,20,1,4,1800 VIRGINIA BEACH BLVD
31,3.0,1.0,0.0,22.0,1,2,2,0,14,1,2,1,0,0,3,1,1,2,1,1,60.0,45.0,45.0,20,20,12,4,KINGS HIGHWAY
48,1.0,1.0,0.0,58.0,1,42,2,1,14,1,2,1,0,0,3,1,1,2,2,3,15.0,35.0,35.0,20,20,8,4,ROUTE 1 / RICHMOND HWY
59,1.0,1.0,0.0,55.0,0,34,0,0,0,0,0,0,0,1,0,0,0,2,0,0,0.0,45.0,45.0,20,20,12,0,W BROAD ST
18,2.0,1.0,0.0,21.0,1,42,2,1,14,1,3,1,0,0,3,1,3,2,2,14,65.0,60.0,60.0,20,20,2,4,RT 58
17,4.0,1.0,0.0,68.0,1,40,8,1,14,1,2,1,0,0,3,1,1,1,2,10,55.0,60.0,60.0,28,28,11,1,NB I-295
43,1.0,1.0,0.0,45.0,1,21,2,1,14,0,0,1,0,0,3,0,0,2,1,1,25.0,25.0,0.0,25,25,12,3,SOUTH ALFRED GIBBON STREET
11,3.0,1.0,0.0,58.0,1,1,3,1,14,1,2,3,1,0,5,1,2,2,11,5,10.0,35.0,35.0,20,20,7,1,RICHMOND HIGHWAY
41,1.0,1.0,0.0,60.0,0,12,1,1,14,1,3,1,0,0,3,1,2,2,1,1,25.0,35.0,35.0,20,20,12,2,I-64
10,1.0,1.0,0.0,73.0,1,21,2,1,11,1,2,1,0,0,3,1,1,2,1,1,30.0,25.0,15.0,8,25,12,1,E LEE ST
8,1.0,1.0,0.0,25.0,0,12,2,1,14,1,3,1,0,0,3,1,1,2,1,1,0.0,35.0,35.0,20,20,12,1,WISTAR RD
15,3.0,1.0,0.0,84.0,1,21,8,1,14,1,2,1,1,0,3,1,1,2,1,1,25.0,25.0,25.0,20,20,12,2,EDWARDS FERRY RD NE
61,1.0,1.0,0.0,25.0,0,10,8,1,11,1,2,1,0,0,3,1,1,2,22,1,30.0,35.0,35.0,36,20,1,1,1105 WITTENS MILL ROAD
14,1.0,1.0,0.0,31.0,0,22,2,1,14,1,2,1,0,0,3,1,2,2,1,6,35.0,55.0,35.0,20,20,11,2,I-264 EAST
21,1.0,1.0,0.0,53.0,1,40,2,1,14,1,2,1,0,0,3,1,1,1,23,9,15.0,40.0,20.0,28,30,4,3,NELSONS BRIDGE RD (RT 615)
37,1.0,1.0,0.0,30.0,1,12,2,1,14,1,2,1,0,0,3,1,1,2,1,1,20.0,45.0,45.0,20,20,11,4,RICHMOND RD
21,3.0,1.0,0.0,38.0,1,39,5,1,14,1,3,1,1,0,3,1,1,1,1,10,90.0,55.0,45.0,28,5,6,2,EAST INTERSTATE 264
21,1.0,1.0,0.0,36.0,0,12,1,1,14,1,2,1,0,0,3,1,1,2,22,1,45.0,55.0,15.0,20,20,11,2,EB I 64
25,1.0,1.0,0.0,27.0,0,40,1,1,14,1,2,1,0,0,3,1,1,2,1,1,25.0,25.0,25.0,6,6,1,1,GRANT STREET
68,1.0,1.0,0.0,0.0,0,35,0,0,0,0,0,0,0,0,0,0,0,1,1,10,5.0,25.0,25.0,28,15,12,2,3900 OLD CHESHIRE DR
38,3.0,1.0,0.0,44.0,0,40,8,1,14,1,2,1,1,0,3,1,2,1,22,3,0.0,0.0,0.0,2,2,12,1,8008 WESTPARK DR MCLEAN
22,1.0,1.0,0.0,16.0,1,40,2,1,14,1,0,1,0,0,2,1,1,2,1,1,45.0,45.0,45.0,20,20,1,3,0681 / ANTIOCH RD
83,3.0,1.0,0.0,16.0,0,11,8,1,14,1,2,1,0,0,3,1,1,2,1,2,10.0,45.0,45.0,20,20,10,3,5400 VIRGINIA BEACH BLVD
23,2.0,1.0,0.0,22.0,0,12,8,1,14,1,2,1,1,0,3,1,1,2,1,1,45.0,55.0,0.0,20,20,12,2,INTERSTATE 564 EAST
18,3.0,1.0,0.0,39.0,1,12,2,1,14,1,2,1,0,0,3,1,1,2,2,1,35.0,45.0,45.0,20,20,12,3,WHITMELL SCHOOL RD RT 750
23,1.0,1.0,0.0,56.0,0,11,2,1,14,1,2,1,0,0,3,1,2,2,1,3,15.0,35.0,0.0,20,20,2,4,SLEEPY HOLLOW RD
69,1.0,1.0,0.0,45.0,0,31,2,1,1,1,2,1,0,0,3,1,2,2,1,10,70.0,70.0,70.0,28,5,7,1,I81 NB
20,1.0,1.0,0.0,20.0,1,40,1,7,2,1,2,1,0,0,3,1,1,1,1,9,25.0,25.0,25.0,28,3,11,2,ROUTT RD NW
30,1.0,1.0,0.0,41.0,1,12,1,1,14,4,2,1,0,0,3,1,1,2,1,1,25.0,65.0,35.0,20,20,11,3,I95 SOUTH
61,1.0,1.0,0.0,77.0,1,40,2,1,14,1,2,1,0,0,3,1,1,2,1,15,25.0,25.0,25.0,36,20,11,1,RT 1063 RIDGE RD
14,1.0,1.0,0.0,27.0,1,40,2,1,14,0,2,1,0,0,3,1,1,2,3,3,10.0,25.0,25.0,20,20,10,2,E CORNELL DR
21,1.0,1.0,0.0,33.0,1,12,1,1,14,1,2,1,0,0,3,1,1,3,3,1,40.0,55.0,15.0,20,20,12,1,I-395 NB
37,3.0,1.0,0.0,29.0,1,40,1,1,7,1,3,1,0,0,3,1,1,1,2,1,35.0,25.0,25.0,3,3,12,2,717 OLD FURNACE RD
21,1.0,1.0,0.0,25.0,1,1,1,1,14,1,2,1,0,0,3,1,2,2,1,1,35.0,35.0,35.0,20,20,11,3,2300 TIDEWATER DR
21,1.0,1.0,0.0,25.0,1,40,2,1,14,5,2,1,0,0,3,1,1,1,1,10,35.0,25.0,25.0,28,18,11,2,PINE KNOB CIRCLE
25,1.0,1.0,0.0,53.0,1,40,1,1,14,3,2,1,0,0,3,1,1,1,1,9,50.0,55.0,55.0,28,5,1,4,LITTLE RIVER TPKE
68,3.0,1.0,0.0,94.0,0,1,2,1,14,1,2,1,0,0,3,0,2,2,1,3,15.0,35.0,35.0,20,20,1,2,FRANCONIA RD
72,3.0,1.0,0.0,20.0,1,12,2,1,7,1,2,1,0,0,3,1,1,2,1,1,20.0,60.0,0.0,20,20,12,1,CHIPPENHAM PARKWAY
24,1.0,1.0,0.0,27.0,1,37,2,1,14,1,2,1,0,0,3,1,1,2,2,1,30.0,35.0,35.0,20,20,12,2,SUNRISE VALLEY DRIVE
23,3.0,1.0,0.0,23.0,0,40,2,1,14,5,3,1,0,0,3,1,1,2,1,14,65.0,55.0,55.0,20,20,12,3,I95 SOUTH
31,3.0,1.0,0.0,41.0,1,12,1,1,14,1,2,1,0,0,3,1,1,3,3,1,40.0,55.0,15.0,20,20,12,4,I-64 WB
38,1.0,1.0,0.0,36.0,0,40,2,1,14,1,0,1,0,1,3,1,1,2,22,1,0.0,25.0,25.0,6,6,1,4,4703 GLENBROOK DR
22,2.0,1.0,0.0,55.0,1,1,2,1,14,1,2,1,0,0,3,1,2,1,2,1,25.0,35.0,25.0,23,23,12,4,1194 RIVER HERITAGE BOULEVARD
83,1.0,1.0,0.0,35.0,1,2,1,1,14,1,2,1,0,0,3,1,1,1,1,10,70.0,55.0,55.0,28,5,12,4,INTERSTATE 64 WEST
23,1.0,1.0,0.0,66.0,0,11,2,1,14,1,2,1,0,0,3,1,2,2,22,3,15.0,55.0,55.0,20,20,11,3,SMITH'S NECK RD.
18,1.0,1.0,0.0,32.0,1,11,2,1,14,0,0,1,0,0,2,1,1,2,4,3,20.0,45.0,45.0,20,20,6,4,KINGS HWY
23,3.0,1.0,0.0,57.0,0,11,2,1,4,1,2,1,0,0,3,1,1,2,22,16,10.0,25.0,25.0,20,20,10,1,LEATHERWOOD LN
69,1.0,1.0,0.0,18.0,1,11,6,1,14,1,2,1,0,0,3,11,2,2,1,3,10.0,25.0,0.0,20,20,10,2,MARSHALL AVE
20,3.0,1.0,0.0,31.0,0,11,6,1,14,1,2,1,0,0,3,1,1,2,22,3,0.0,45.0,45.0,20,20,4,1,W BROAD ST
30,1.0,1.0,0.0,22.0,0,37,2,1,7,1,0,1,0,0,3,12,2,2,1,7,15.0,25.0,25.0,6,6,11,2,2916 W CARY STREET
8,1.0,1.0,0.0,22.0,0,12,2,1,14,1,2,1,0,0,3,1,2,5,22,5,25.0,55.0,0.0,20,20,12,2,I-64 EAST
15,1.0,1.0,0.0,64.0,0,17,2,9,0,1,3,1,0,0,3,1,2,2,1,3,35.0,35.0,35.0,20,20,11,3,LIBERTY STREET
31,1.0,1.0,0.0,39.0,0,12,2,1,14,1,2,1,0,0,3,1,1,2,22,1,10.0,45.0,0.0,20,20,6,4,POUNCEY TRACT ROAD
48,3.0,1.0,0.0,52.0,1,12,7,1,14,1,2,1,1,0,3,1,1,2,1,1,35.0,35.0,35.0,20,20,12,2,1517 SALEM RD
59,1.0,1.0,0.0,17.0,1,2,2,6,2,1,2,1,0,0,3,1,2,1,1,1,40.0,35.0,35.0,14,14,12,1,0234 SUDLEY ROAD
25,1.0,1.0,0.0,26.0,1,11,2,1,14,1,2,1,0,0,3,1,1,2,22,1,20.0,25.0,25.0,20,20,12,4,WASHINGTON AVENUE
68,1.0,1.0,0.0,34.0,0,11,2,1,14,1,0,1,0,0,3,1,1,2,22,3,25.0,35.0,35.0,20,20,11,3,2300 AZALEA GARDEN RD
21,1.0,1.0,0.0,57.0,1,22,2,1,14,1,2,1,0,0,3,1,1,2,22,1,8.0,25.0,25.0,20,20,2,1,S 22ND STREET
43,1.0,1.0,0.0,18.0,1,12,2,1,14,1,2,1,0,1,3,1,1,2,1,1,35.0,45.0,0.0,20,20,12,4,12200 HULL ST RD
23,1.0,1.0,0.0,16.0,0,11,2,1,14,1,2,1,0,0,3,1,1,2,1,3,5.0,35.0,35.0,20,20,2,1,0639
31,3.0,1.0,0.0,58.0,1,42,3,1,14,1,2,3,0,0,5,1,1,2,11,15,45.0,35.0,35.0,36,20,2,4,ROUTE 211
37,2.0,1.0,0.0,26.0,1,43,3,1,14,1,2,1,1,0,5,1,1,1,11,9,30.0,45.0,45.0,28,1,12,1,13200-BLK ELK RUN RD
21,3.0,1.0,0.0,43.0,1,1,2,1,14,1,2,1,0,0,3,1,2,2,1,1,5.0,25.0,25.0,20,20,10,2,MADISON ST. & N. SAINT ASAPH ST
21,1.0,1.0,0.0,35.0,0,22,6,1,14,1,2,1,0,0,3,1,1,2,1,1,25.0,35.0,0.0,20,20,10,1,OLD KEENE MILL ROAD
25,3.0,1.0,0.0,34.0,1,12,1,1,14,1,2,1,0,0,3,1,1,2,1,1,40.0,45.0,0.0,20,20,12,1,0001 RICHMOND HIGHWAY
68,1.0,1.0,0.0,58.0,1,1,2,1,14,1,2,1,0,0,3,1,0,1,1,1,50.0,50.0,50.0,23,23,12,2,900+ BLUE RIDGE AVE
21,4.0,1.0,0.0,37.0,1,12,2,1,14,1,2,1,0,0,3,1,1,2,3,1,30.0,55.0,0.0,20,20,12,2,EASTBOUND I-64
23,1.0,1.0,0.0,18.0,1,11,2,1,14,1,2,1,0,0,3,1,1,2,22,16,0.0,45.0,45.0,20,20,12,3,WEST BROAD STREET
18,2.0,1.0,0.0,48.0,0,11,8,1,14,1,2,1,1,0,3,1,1,2,1,3,35.0,35.0,35.0,20,20,12,2,WESTOVER DR
21,1.0,1.0,0.0,22.0,1,12,2,1,14,6,3,1,0,0,3,1,1,3,3,5,30.0,35.0,35.0,20,20,12,4,LEESBURG PIKE
21,1.0,1.0,0.0,34.0,1,42,2,1,14,1,2,1,0,0,3,1,1,3,1,14,35.0,35.0,35.0,20,20,1,2,0639 / HORNER RD
25,1.0,1.0,0.0,36.0,0,11,6,1,14,1,2,1,0,0,3,1,1,2,1,3,20.0,30.0,30.0,20,20,4,1,MAIN STREET
68,1.0,1.0,0.0,31.0,1,1,2,1,14,1,2,1,0,0,3,1,2,2,1,3,10.0,35.0,35.0,20,20,6,1,I-95 NORTH RAMP FROM ROWANTY RD RT 623
21,1.0,1.0,0.0,84.0,1,11,2,1,14,6,3,1,0,0,3,1,1,2,22,2,15.0,45.0,45.0,20,20,11,1,PINEY FOREST RD
21,1.0,1.0,0.0,46.0,1,42,2,1,14,1,2,1,0,0,3,1,1,2,2,14,45.0,45.0,45.0,20,20,7,4,13930 HULL STREET ROAD
21,1.0,1.0,0.0,25.0,1,34,2,1,0,2,3,1,0,1,9,1,1,3,3,1,0.0,35.0,35.0,6,6,11,1,WALTON FARMS DR
25,1.0,1.0,0.0,47.0,0,42,2,1,1,1,2,1,0,0,3,1,1,2,22,14,25.0,45.0,45.0,20,20,10,1,2000 SMOKETOWN ROAD
68,3.0,1.0,0.0,24.0,1,22,8,1,14,1,2,1,0,0,3,1,1,2,3,1,10.0,25.0,0.0,20,20,3,1,W BRADDOCK ROAD
21,1.0,1.0,0.0,34.0,0,12,2,1,14,1,2,1,0,0,3,1,2,2,1,1,25.0,25.0,25.0,20,20,12,2,AMHERST ST
21,1.0,1.0,0.0,39.0,1,11,2,1,14,1,2,1,0,0,3,10,2,2,1,3,10.0,35.0,35.0,20,20,3,4,GEORGE WASHINGTON HWY N
43,1.0,1.0,0.0,29.0,1,12,2,1,14,1,2,1,0,0,3,1,1,2,22,1,30.0,55.0,10.0,20,20,12,3,INTERSTATE 495 SOUTHBOUND
23,1.0,1.0,0.0,37.0,1,40,2,1,14,0,2,1,0,0,3,1,2,2,2,1,15.0,45.0,45.0,20,20,12,1,28/CENTREVILLE RD
31,1.0,1.0,0.0,65.0,1,12,2,1,7,1,2,1,0,0,3,1,1,2,2,1,20.0,45.0,0.0,20,20,11,4,ROUTE 130 - ELON ROAD
48,1.0,1.0,0.0,49.0,1,1,3,1,6,1,2,1,0,0,9,1,2,1,18,1,30.0,35.0,35.0,3,3,12,4,Whitehead Rd
59,3.0,1.0,0.0,41.0,1,12,2,1,14,1,2,1,0,0,3,1,2,2,2,10,35.0,55.0,5.0,20,14,12,2,I-64 EB
43,4.0,1.0,0.0,29.0,0,3,2,1,14,1,2,1,1,0,3,1,1,1,2,9,55.0,55.0,50.0,28,30,1,2,ROUTE 460
23,3.0,1.0,0.0,53.0,1,37,2,1,14,1,2,1,0,0,3,1,2,2,1,3,0.0,30.0,30.0,20,20,11,4,3302 FOREST HILL AVE
31,1.0,1.0,0.0,48.0,1,42,1,1,14,1,2,1,0,0,3,1,2,1,2,14,55.0,55.0,55.0,9,9,12,3,I-395 SOUTHBOUND
48,3.0,1.0,0.0,70.0,0,11,2,1,14,1,2,1,0,0,3,1,1,2,1,1,8.0,55.0,0.0,20,20,11,3,LONE PINE RD
59,1.0,1.0,0.0,0.0,0,34,1,0,0,6,3,1,0,1,0,0,0,1,22,1,0.0,35.0,35.0,28,2,11,4,4600 GREENWOOD DR
25,1.0,1.0,0.0,47.0,1,42,2,1,14,1,2,1,0,0,3,1,1,2,4,14,52.0,55.0,45.0,20,20,1,4,WB 66
68,1.0,1.0,0.0,45.0,1,11,2,1,11,1,0,1,0,0,3,1,2,2,22,3,25.0,35.0,35.0,20,20,1,1,CHAINBRIDGE RD / JAMES MADISON DR
21,1.0,1.0,0.0,20.0,1,40,5,6,2,6,3,1,0,0,3,1,2,1,1,9,60.0,60.0,60.0,28,5,12,3,I-81
43,4.0,1.0,0.0,60.0,1,37,3,1,14,1,2,1,1,0,5,1,0,1,11,5,10.0,35.0,35.0,23,42,10,4,BUTLER RD
23,1.0,1.0,0.0,32.0,1,1,2,1,14,1,2,1,0,0,3,1,2,1,1,1,55.0,55.0,55.0,23,23,11,2,KENBRIDGE RD
31,2.0,1.0,0.0,45.0,1,42,2,1,14,1,0,1,0,0,3,1,1,2,23,14,55.0,55.0,55.0,20,20,11,4,RT 58
48,2.0,1.0,0.0,64.0,1,40,1,1,14,1,2,1,1,0,3,2,1,2,2,15,45.0,40.0,40.0,20,20,3,3,PINEY FOREST RD
59,3.0,1.0,0.0,52.0,1,12,1,1,14,1,2,1,0,0,3,1,1,2,2,1,30.0,35.0,5.0,20,20,12,4,US RT. 58/E STUART DR.
18,3.0,1.0,0.0,44.0,1,12,1,1,9,1,2,1,0,0,3,1,1,3,1,1,15.0,45.0,0.0,20,20,12,4,ROBIOUS RD
17,1.0,1.0,0.0,40.0,1,40,2,1,14,1,2,1,0,0,3,1,1,1,3,1,25.0,30.0,30.0,13,2,12,3,3340 / GREATBRIDGE ROAD
9,2.0,1.0,0.0,38.0,1,21,2,1,14,1,2,1,0,0,3,1,1,2,1,1,25.0,25.0,25.0,20,20,12,4,N WEST ST
12,1.0,1.0,0.0,30.0,1,40,8,1,14,1,2,1,0,0,3,1,1,1,22,9,55.0,55.0,55.0,28,4,12,3,ROUTE 153 (ROCKY HILL ROAD)
61,1.0,1.0,0.0,45.0,1,40,8,1,11,2,3,1,0,0,3,1,0,1,22,10,45.0,45.0,45.0,1,1,12,4,14145 GOV. G.C. PEERY HWY
14,1.0,1.0,0.0,36.0,1,12,1,1,14,1,2,1,0,0,3,1,1,2,1,1,40.0,60.0,0.0,20,20,12,2,I-64 EAST
21,1.0,1.0,0.0,24.0,1,37,1,1,6,1,0,1,0,0,3,1,1,2,1,1,50.0,60.0,0.0,20,20,12,3,RT 17/TIDEWATER TRL
37,1.0,1.0,0.0,68.0,0,11,2,1,14,1,0,1,0,0,3,11,1,2,22,16,8.0,45.0,35.0,20,20,11,1,W PEMBROKE AVE
21,3.0,1.0,0.0,21.0,1,40,2,8,14,3,3,1,1,0,3,1,3,1,1,1,35.0,25.0,25.0,28,14,11,3,944 NIAGARA RD
21,1.0,1.0,0.0,36.0,1,11,1,1,4,1,2,1,0,0,3,1,2,2,1,3,5.0,45.0,0.0,20,20,11,2,GREENBRIER PKWY
25,1.0,1.0,0.0,21.0,0,12,2,1,14,1,3,1,0,0,3,1,2,4,1,1,35.0,35.0,35.0,20,20,1,4,BARRACKS RD
68,3.0,1.0,0.0,17.0,0,11,8,1,14,1,2,1,1,0,3,1,2,2,22,3,5.0,45.0,45.0,20,20,9,1,NEW BRADDOCK RD
21,1.0,1.0,0.0,20.0,1,1,2,1,14,1,2,1,0,0,3,1,2,2,22,1,50.0,60.0,60.0,20,20,5,3,I-95 SOUTH
21,3.0,1.0,0.0,17.0,0,12,2,1,14,1,2,1,0,0,3,1,2,2,1,1,15.0,45.0,45.0,20,20,12,4,LIGHTFOOT ROAD
21,1.0,1.0,0.0,28.0,1,12,2,1,14,1,2,1,0,0,3,1,1,2,4,1,35.0,35.0,35.0,20,20,11,3,3632 VALLEY PIKE
25,3.0,1.0,0.0,42.0,0,11,1,1,14,1,2,1,0,0,3,1,1,2,22,3,10.0,55.0,55.0,20,20,12,1,SPOTSWOOD TRAIL
68,1.0,1.0,0.0,35.0,1,12,2,1,14,1,2,1,0,0,3,12,1,2,1,1,25.0,45.0,45.0,20,20,11,4,HULL STREET ROAD
21,1.0,1.0,0.0,21.0,0,1,2,1,0,1,2,1,0,0,3,1,2,1,1,1,45.0,55.0,55.0,23,23,1,4,615
43,1.0,1.0,0.0,32.0,1,1,2,1,14,1,2,1,0,0,3,1,2,3,4,5,35.0,55.0,35.0,20,20,6,2,I64 EASTBOUND
23,1.0,1.0,0.0,30.0,1,42,1,1,14,1,2,1,0,0,3,1,1,2,1,15,60.0,55.0,55.0,20,20,1,4,WESTBOUND I-264
31,1.0,1.0,0.0,38.0,1,12,2,1,14,1,2,1,0,0,3,1,1,2,1,1,5.0,35.0,35.0,20,20,12,1,N MIDVIEW RD
48,1.0,1.0,0.0,54.0,0,1,2,1,14,1,0,1,0,0,3,1,2,1,1,1,45.0,45.0,45.0,23,23,11,4,RT. 250 / JEFFERSON HIGHWAY
59,1.0,1.0,0.0,35.0,0,18,2,1,14,6,2,1,0,1,3,1,2,2,2,12,5.0,25.0,25.0,6,6,6,0,FORT BRANCH ROAD
18,1.0,1.0,0.0,22.0,1,39,2,1,14,1,2,1,0,0,8,1,1,1,1,10,50.0,25.0,25.0,28,13,11,4,141 KATHANN DRIVE
17,1.0,1.0,0.0,20.0,1,1,2,1,14,1,2,1,0,0,3,1,2,1,1,1,45.0,45.0,45.0,23,23,12,4,NORTON-COEBURN ROAD
43,4.0,1.0,0.0,23.0,0,37,2,1,14,1,2,1,0,0,3,1,1,1,1,3,15.0,25.0,25.0,19,19,12,1,LEIGH ST
11,3.0,1.0,0.0,50.0,0,11,8,1,14,1,0,1,1,0,3,1,1,2,1,2,25.0,45.0,45.0,20,20,12,3,HANOVER ROAD
41,1.0,1.0,0.0,0.0,0,34,1,9,0,6,3,0,0,1,0,0,3,2,1,1,0.0,25.0,25.0,6,6,12,1,NORTH HARRISON STREET
10,2.0,1.0,0.0,34.0,0,21,1,1,11,1,2,1,1,0,3,1,1,2,22,1,25.0,35.0,35.0,20,20,12,2,3901 HIGH ST
8,1.0,1.0,0.0,45.0,1,40,8,1,14,1,2,1,0,0,3,1,1,1,22,9,20.0,35.0,20.0,28,30,13,4,BARNROCK RD
15,1.0,1.0,0.0,58.0,0,11,2,1,14,1,2,1,0,0,3,12,2,2,1,1,0.0,35.0,35.0,20,20,12,1,WILLOW LAWN DR
61,1.0,1.0,0.0,39.0,0,12,2,1,14,1,2,1,0,0,3,1,0,2,22,1,25.0,25.0,25.0,20,20,12,2,SACRAMENTO DR
14,1.0,1.0,0.0,19.0,0,12,2,1,14,1,3,1,0,0,3,1,1,2,1,1,0.0,25.0,25.0,20,20,2,3,WRIGHT SHOP RD
21,1.0,1.0,0.0,65.0,0,18,2,1,3,1,2,1,0,0,3,1,1,2,1,12,5.0,10.0,10.0,20,20,7,3,2343 W PEMBROKE AVE
37,1.0,1.0,0.0,33.0,1,40,8,1,14,1,2,1,0,0,9,1,2,1,1,10,55.0,55.0,35.0,28,30,11,1,MEADOW CREEK ROAD
21,1.0,1.0,0.0,75.0,1,11,2,1,14,1,2,1,0,0,3,13,1,2,2,3,5.0,45.0,0.0,20,20,5,1,DUMFRIES RD - 4700 BLK
21,3.0,1.0,0.0,26.0,1,2,8,2,14,1,2,1,1,0,3,2,1,1,1,9,50.0,35.0,30.0,28,30,1,4,10908 COURTHOUSE RD
25,3.0,1.0,0.0,82.0,1,42,2,1,14,1,2,1,0,0,3,1,2,2,1,14,45.0,55.0,55.0,20,20,1,3,INTERSTATE 395 SOUTHBOUND
68,1.0,1.0,0.0,66.0,1,1,2,1,14,1,2,1,0,0,3,2,2,1,1,10,50.0,55.0,45.0,23,2,11,1,JAMES MONROE HWY
38,1.0,1.0,0.0,64.0,0,34,0,9,0,6,3,0,0,1,0,0,0,2,2,2,35.0,35.0,0.0,20,20,0,0,7400 BEAUFONT SPRINGS DRIVE
22,1.0,1.0,0.0,80.0,0,11,2,1,14,1,2,1,0,0,8,1,1,2,22,3,10.0,45.0,0.0,20,20,11,1,ROUTE 1216/ HAYES RD
83,1.0,1.0,0.0,47.0,0,1,2,1,14,1,2,1,0,0,3,1,1,2,22,12,5.0,15.0,15.0,20,20,5,2,SILVERBROOK CENTER DR
23,1.0,1.0,0.0,24.0,0,40,2,1,14,1,2,1,0,0,3,1,2,1,22,9,70.0,70.0,60.0,36,30,12,1,I-85 NORTH
18,4.0,1.0,0.0,42.0,1,21,8,1,14,1,2,1,1,0,3,1,1,3,22,1,0.0,35.0,35.0,20,20,11,2,ROUTE 7/LEESBURG PIKE
23,1.0,1.0,0.0,59.0,1,40,2,1,14,1,2,1,0,0,3,1,1,1,23,10,65.0,70.0,0.0,28,28,7,1,I-81
69,1.0,1.0,0.0,28.0,0,3,8,1,14,1,2,1,0,0,3,1,1,1,1,9,55.0,60.0,50.0,28,30,1,3,ROUTE 23
20,2.0,1.0,0.0,36.0,1,40,2,1,11,4,2,1,0,0,3,1,1,1,1,10,65.0,45.0,45.0,28,15,11,4,E MERCURY BLVD
30,3.0,1.0,0.0,65.0,1,12,1,1,11,1,2,1,0,0,3,13,1,3,1,1,30.0,45.0,45.0,20,20,12,3,100 SOUTH INDEPENDENCE BL
61,2.0,1.0,0.0,21.0,0,12,2,1,14,1,2,1,0,0,3,1,1,2,1,1,10.0,25.0,25.0,20,20,12,1,S EAST ST
14,1.0,1.0,0.0,27.0,1,1,1,1,14,1,2,1,0,0,3,1,2,1,1,1,55.0,55.0,55.0,23,23,12,3,CHAMBERLAYNE ROAD
21,3.0,1.0,0.0,69.0,1,1,3,1,14,1,2,1,1,0,5,1,2,1,11,9,30.0,45.0,45.0,28,14,2,2,COLVIN RD
37,2.0,1.0,0.0,52.0,0,40,2,1,14,1,2,1,0,0,3,1,1,3,2,5,25.0,35.0,35.0,20,20,12,4,HOLLAND RD
21,1.0,1.0,0.0,68.0,1,11,2,1,14,1,2,1,0,0,3,1,1,2,2,3,15.0,25.0,25.0,20,20,5,1,3RD ST NW
21,1.0,1.0,0.0,31.0,1,40,8,9,11,1,2,1,0,0,3,13,1,4,1,1,0.0,25.0,0.0,6,6,11,4,DEVIL'S REACH ROAD
25,1.0,1.0,0.0,20.0,1,40,2,1,14,1,2,1,0,0,3,1,1,1,1,10,55.0,55.0,30.0,36,2,12,2,ROUTE 642 / KNIGHTS RUN RD
68,1.0,1.0,0.0,50.0,0,1,2,1,14,1,0,1,0,0,3,1,2,2,2,2,0.0,35.0,35.0,20,20,7,4,MASONIC LN
72,2.0,1.0,0.0,25.0,1,40,5,1,14,2,2,1,0,0,9,1,1,1,2,1,45.0,45.0,45.0,28,14,12,4,POCAHONTAS TRL
24,1.0,1.0,0.0,66.0,0,42,2,1,14,1,0,1,0,0,3,1,1,2,22,14,15.0,35.0,35.0,20,20,10,3,PATRIOT HY
23,1.0,1.0,0.0,42.0,1,40,6,1,14,3,2,1,0,0,3,1,1,1,1,10,50.0,55.0,55.0,28,5,11,2,RT 360NORTHUMBERLAND HWY
31,1.0,1.0,0.0,20.0,0,37,6,1,14,1,2,1,0,0,3,1,1,2,1,3,15.0,25.0,0.0,20,20,4,4,WEST WAKEFIELD DR/ BELLE VIEW BLVD
38,3.0,1.0,0.0,65.0,0,12,1,1,14,1,2,1,1,0,3,1,1,4,1,1,60.0,45.0,5.0,20,20,12,1,RT 29 NB
22,4.0,1.0,0.0,38.0,1,1,2,1,14,1,2,1,0,0,3,1,2,1,22,1,40.0,45.0,45.0,19,19,11,2,E PARHAM RD
83,1.0,1.0,0.0,35.0,0,40,2,1,14,4,2,1,0,0,3,1,1,1,1,10,55.0,55.0,55.0,28,5,8,2,INTERSTATE 64 EAST
23,1.0,1.0,0.0,21.0,1,40,1,1,7,0,0,1,0,0,3,1,1,3,1,1,30.0,25.0,25.0,20,20,12,1,100 BLK
18,1.0,1.0,0.0,35.0,0,19,2,1,14,1,2,1,0,0,3,1,2,2,22,7,10.0,35.0,35.0,20,20,12,3,TODDS LANE
23,3.0,1.0,0.0,23.0,0,42,2,1,14,1,2,1,0,0,3,1,1,2,22,14,2.0,40.0,40.0,20,20,7,1,BURKE LAKE RD
69,1.0,1.0,0.0,38.0,0,12,2,1,14,1,2,1,0,0,3,1,1,2,1,1,30.0,35.0,35.0,20,20,12,2,W LABURNUM AVE
20,1.0,1.0,0.0,85.0,1,42,2,1,14,1,2,1,0,0,3,1,1,2,22,14,25.0,45.0,45.0,20,20,11,4,HULL STREET RD
30,3.0,1.0,0.0,21.0,0,40,1,1,14,6,3,1,1,0,3,1,3,1,1,9,50.0,55.0,55.0,28,3,12,2,RT.205/JAMES MONROE HWY
8,1.0,1.0,0.0,60.0,0,1,8,1,0,1,2,1,0,0,3,1,2,1,22,13,45.0,45.0,45.0,23,23,1,3,SANDY HOOK RD
15,1.0,1.0,0.0,17.0,0,34,0,9,0,6,3,0,0,1,0,1,0,2,22,13,0.0,35.0,0.0,20,20,10,0,BERLIN TURNPIKE
61,3.0,1.0,0.0,80.0,0,11,8,1,14,1,2,1,1,0,3,1,1,2,1,3,9.0,45.0,45.0,20,20,5,1,0641 OLD BRIDGE ROAD
14,1.0,1.0,0.0,73.0,1,1,2,1,14,1,2,1,0,0,3,1,2,1,1,1,20.0,35.0,35.0,23,23,1,1,TOWLES MILL RD/BLACK ROCK DR
21,1.0,1.0,0.0,45.0,0,42,2,1,11,1,2,1,0,0,3,1,1,2,1,14,35.0,35.0,35.0,20,20,5,4,PORT REPUBLIC RD
37,1.0,1.0,0.0,74.0,1,12,1,1,14,1,2,1,0,0,3,1,1,3,2,2,25.0,25.0,25.0,20,20,12,1,7800 AZALEA GARDEN RD
21,1.0,1.0,0.0,21.0,1,40,2,6,2,1,0,1,0,0,3,1,2,1,12,3,8.0,25.0,25.0,3,3,11,4,700 FAIRFAX AVE
21,1.0,1.0,0.0,37.0,1,10,2,1,14,1,2,1,0,0,3,1,1,2,1,1,60.0,55.0,55.0,20,20,9,3,8200-BLK WHALEYVILLE BLVD
31,1.0,1.0,0.0,62.0,1,29,2,1,14,1,0,1,0,0,3,1,2,2,23,8,0.0,55.0,55.0,20,20,6,4,HOLLY FARMS RD
48,0.0,1.0,0.0,33.0,1,40,2,9,0,3,3,1,1,0,8,1,1,1,1,10,0.0,30.0,30.0,13,3,11,4,2821 HIGH ST
59,1.0,1.0,0.0,34.0,0,42,2,1,14,1,2,1,0,0,3,1,1,2,1,1,5.0,45.0,45.0,42,20,1,1,GEORGE WASHINGTON MEMORIAL HWY
18,1.0,1.0,0.0,53.0,1,1,2,1,14,1,2,1,0,0,3,1,2,1,1,1,55.0,55.0,55.0,23,23,12,4,ELON RD
17,3.0,1.0,0.0,19.0,0,40,8,1,14,1,2,1,1,0,3,1,2,1,1,10,30.0,25.0,25.0,28,42,12,4,INTERSTATE 64 WEST TIDEWATER EXIT RAMP
43,1.0,1.0,0.0,23.0,0,3,2,1,14,1,0,1,0,0,3,1,1,2,12,1,45.0,45.0,35.0,6,6,3,1,FRANKLIN RD
11,1.0,1.0,0.0,44.0,0,42,2,1,14,1,2,1,0,0,3,1,1,2,1,14,35.0,45.0,45.0,20,20,7,1,HUGUENOT ROAD
41,2.0,1.0,0.0,45.0,0,12,2,1,14,1,2,1,0,0,3,1,1,2,22,1,45.0,45.0,45.0,20,20,10,2,RICHMOND RD
10,3.0,1.0,0.0,37.0,0,21,2,1,14,1,0,1,0,0,3,1,1,2,1,1,25.0,25.0,25.0,20,20,9,3,W CLAY ST
8,3.0,1.0,0.0,71.0,1,11,8,1,14,1,2,1,0,0,3,1,1,2,22,3,35.0,45.0,45.0,20,20,10,1,2480 / BENITE FITZGERALD DRIVE
15,3.0,1.0,0.0,30.0,1,42,1,1,7,1,2,1,1,0,3,1,1,2,1,14,55.0,55.0,55.0,28,20,0,3,I-495 SOUTH
61,1.0,1.0,0.0,0.0,0,34,0,9,0,6,3,0,0,1,0,0,0,3,1,1,50.0,25.0,25.0,6,6,12,1,ALABAMA DR
14,4.0,1.0,0.0,26.0,1,1,2,1,14,1,2,1,0,0,3,2,0,1,1,1,35.0,35.0,35.0,19,19,12,2,LEESBURG PIKE
21,1.0,1.0,0.0,21.0,1,40,2,1,14,1,2,1,0,0,3,1,2,1,1,10,55.0,55.0,0.0,28,11,6,3,ROUTE 28
37,1.0,1.0,0.0,28.0,0,42,2,1,14,0,0,1,0,0,3,14,2,2,3,14,20.0,25.0,25.0,20,20,10,2,400 W 26TH STREET
21,1.0,1.0,0.0,31.0,1,40,2,1,14,1,2,1,0,0,3,1,1,1,2,10,45.0,55.0,35.0,36,5,11,1,ROUTE 16
21,1.0,1.0,0.0,18.0,0,40,2,1,14,1,2,1,0,0,3,1,1,1,1,9,25.0,55.0,25.0,28,1,12,4,ROUTE 253
25,1.0,1.0,0.0,33.0,1,1,2,1,14,1,2,1,0,0,3,1,2,3,23,1,60.0,65.0,65.0,20,20,12,3,SB RT 288
68,1.0,1.0,0.0,17.0,0,40,2,1,6,1,0,1,0,0,3,1,1,1,1,1,45.0,45.0,45.0,36,4,12,3,SOUTH BOSTON RD
38,1.0,1.0,0.0,29.0,0,41,2,1,11,3,0,1,0,0,3,1,1,2,22,1,40.0,35.0,0.0,20,20,1,1,7401 BEULAH ST
22,1.0,1.0,0.0,44.0,1,42,2,1,11,1,2,1,0,0,3,1,1,1,23,9,40.0,45.0,45.0,28,5,1,4,"RT. 267WB, DULLES GREENWAY"
83,1.0,1.0,0.0,21.0,1,40,2,1,14,1,2,1,0,0,3,1,2,1,3,1,0.0,45.0,45.0,8,8,12,3,RT. 1 / BROOK RD.
23,1.0,1.0,0.0,36.0,1,41,2,1,14,1,2,1,0,0,3,1,1,2,2,1,60.0,70.0,60.0,28,20,4,1,INTERSTATE 81
18,1.0,1.0,0.0,31.0,0,1,2,1,14,1,2,1,0,0,3,1,2,1,3,1,50.0,50.0,50.0,23,23,12,4,RT 206/DAHLGREN RD
23,1.0,1.0,0.0,18.0,0,40,2,1,14,1,2,1,0,0,3,1,3,2,1,6,30.0,55.0,35.0,36,20,11,1,NB RT 151
69,1.0,1.0,0.0,33.0,1,42,2,1,14,1,2,1,0,0,3,14,1,2,22,14,65.0,65.0,65.0,20,20,8,4,INTERSTATE 64 WESTBOUND
20,1.0,1.0,0.0,46.0,0,11,1,1,11,1,2,1,0,0,3,4,1,2,1,1,15.0,35.0,35.0,20,20,12,3,39TH ST
30,1.0,1.0,0.0,39.0,1,11,2,1,14,1,2,1,0,0,3,11,1,2,1,3,5.0,45.0,45.0,20,20,11,4,600 INDEPENDENCE BLVD
61,1.0,1.0,0.0,22.0,0,12,2,1,14,1,2,1,0,0,3,1,1,2,22,1,25.0,25.0,25.0,20,20,12,4,PLEASANT VALLEY RD
14,1.0,1.0,0.0,43.0,0,37,2,1,0,1,2,1,0,0,3,1,2,2,22,1,20.0,45.0,45.0,20,20,1,3,MONTICELLO AVE
21,1.0,1.0,0.0,50.0,0,1,2,1,14,1,2,1,0,0,3,1,2,1,22,1,45.0,45.0,45.0,23,23,12,3,STUBBS BRIDGE RD
37,1.0,1.0,0.0,31.0,1,40,2,1,11,1,2,1,0,0,3,1,0,3,1,1,35.0,35.0,0.0,20,20,11,3,BACKLICK RD
21,3.0,1.0,0.0,45.0,0,40,2,1,14,1,2,1,0,0,3,14,3,1,22,2,5.0,10.0,10.0,19,19,3,4,OLD RYAN ROAD
21,2.0,1.0,0.0,21.0,1,0,5,0,0,0,0,1,0,1,9,0,3,1,0,0,45.0,45.0,45.0,28,4,1,2,PLANK RD
25,2.0,1.0,0.0,18.0,0,3,2,1,14,1,0,1,1,0,3,1,1,1,1,9,65.0,70.0,60.0,28,5,7,1,INTERSTATE 81
68,2.0,1.0,0.0,62.0,0,14,2,1,14,2,2,1,1,0,3,1,1,5,22,2,25.0,35.0,35.0,20,20,11,2,NEWS ROAD
72,3.0,1.0,0.0,36.0,1,40,1,1,14,1,2,1,1,0,3,1,1,1,1,14,65.0,65.0,65.0,28,5,12,4,INTERSTATE 64 WEST
24,1.0,1.0,0.0,27.0,1,1,2,1,14,1,2,1,0,0,3,1,2,2,12,11,0.0,60.0,0.0,20,20,6,1,US HIGHWAY 29
23,4.0,1.0,0.0,61.0,0,37,1,1,14,6,0,1,1,0,6,1,3,2,1,15,15.0,25.0,0.0,20,20,1,4,5800 BLOCK EDSALL RD
31,1.0,1.0,0.0,27.0,0,12,2,1,14,1,2,1,0,0,3,1,2,2,1,1,35.0,45.0,45.0,20,20,12,1,2000 GENERAL BOOTH BLVD
38,1.0,1.0,0.0,29.0,1,37,2,1,11,1,2,1,0,0,3,1,2,2,1,1,35.0,35.0,35.0,20,20,11,3,CAMBRIDGE STREET
22,3.0,1.0,0.0,18.0,1,40,2,1,0,1,3,1,1,0,3,1,2,1,1,9,0.0,45.0,45.0,28,30,12,2,NEW MARKET RD
83,3.0,1.0,0.0,23.0,1,37,8,6,2,1,0,1,0,0,3,1,1,2,1,1,45.0,45.0,45.0,20,20,12,4,0621 / BALLS FORD ROAD
23,3.0,1.0,0.0,32.0,0,3,2,1,14,1,2,1,1,0,3,1,2,1,1,9,65.0,65.0,55.0,28,2,2,2,INTERSTATE 64
18,1.0,1.0,0.0,53.0,0,34,5,9,0,6,3,1,0,1,9,1,3,2,23,12,10.0,10.0,10.0,6,6,6,1,HOLLAND RD
23,3.0,1.0,0.0,27.0,0,3,8,1,14,1,2,1,1,0,3,1,1,1,1,1,55.0,55.0,45.0,28,7,1,4,RT. 72
69,3.0,1.0,0.0,59.0,1,42,2,1,14,1,0,1,1,0,3,1,1,2,1,1,65.0,65.0,65.0,20,20,7,4,I-64 WEST
20,3.0,1.0,0.0,39.0,1,1,8,1,14,1,2,1,1,0,3,1,2,1,4,10,55.0,55.0,55.0,37,30,10,2,515 WARDENSVILLE PIKE
30,2.0,1.0,0.0,43.0,1,1,2,1,14,1,2,1,0,0,3,1,2,2,22,15,25.0,45.0,45.0,42,14,1,1,157 LUMMIS RD
8,2.0,1.0,0.0,51.0,1,11,8,1,14,1,2,1,0,0,3,1,2,2,2,1,35.0,60.0,0.0,20,20,12,4,JAMES MADISON HWY AND COVINGTONS CORNER RD
15,1.0,1.0,0.0,61.0,0,11,2,1,14,1,2,1,0,0,3,14,1,2,1,1,5.0,55.0,55.0,42,42,1,3,BETHEL CHURCH ROAD
61,3.0,1.0,0.0,30.0,0,11,2,1,14,1,2,1,0,0,3,2,2,1,22,3,15.0,35.0,0.0,19,19,1,3,GALLOWS RD / PRESCOTT DR
25,1.0,1.0,0.0,20.0,1,42,2,1,14,1,2,1,0,0,3,1,1,2,22,14,80.0,55.0,55.0,20,11,12,4,I64 WESTBOUND
68,3.0,1.0,0.0,21.0,0,22,0,9,0,6,3,0,0,1,0,0,0,2,1,1,0.0,25.0,0.0,20,20,9,3,900 NORCHESTER AVE
21,3.0,1.0,0.0,65.0,0,1,2,1,14,1,2,1,1,0,3,1,2,2,1,3,20.0,45.0,45.0,20,20,11,2,WARWICK BLVD
21,3.0,1.0,0.0,40.0,1,12,2,1,14,2,2,1,0,1,3,1,1,2,1,1,65.0,65.0,45.0,20,20,1,3,INTERSTATE 95 SOUTHBOUND
43,1.0,1.0,0.0,23.0,1,37,8,6,2,1,2,1,0,0,3,1,2,2,1,1,30.0,35.0,35.0,20,20,12,1,TERMINAL RD
23,3.0,1.0,0.0,19.0,0,18,2,1,14,1,2,1,0,0,3,1,2,2,1,12,15.0,35.0,35.0,20,20,7,2,LEESBURG PIKE/ GLEN CARLYN DR
31,1.0,1.0,0.0,40.0,1,12,2,8,14,1,2,1,0,0,9,1,1,2,2,1,40.0,40.0,40.0,20,20,1,4,EAST WASHINGTON AND SLAGLE AVENUE
48,1.0,1.0,0.0,69.0,0,40,2,1,14,1,2,1,0,0,3,1,1,1,22,1,35.0,30.0,30.0,11,11,11,1,PRINCE WILLIAM PARKWAY (0234)
59,2.0,1.0,0.0,59.0,0,21,1,1,14,1,2,1,0,0,3,1,1,2,1,3,15.0,40.0,40.0,20,20,12,4,RIVERSIDE DR
43,1.0,1.0,0.0,30.0,1,42,2,1,14,1,2,1,0,0,3,14,1,2,23,14,70.0,70.0,70.0,20,20,10,1,I-81 NB
23,1.0,1.0,0.0,21.0,1,12,2,1,14,1,2,1,0,0,3,1,1,3,1,1,55.0,55.0,45.0,20,20,12,3,I 495 SOUTH
31,1.0,1.0,0.0,32.0,0,22,2,1,14,1,2,1,0,0,3,7,1,2,2,5,10.0,60.0,0.0,20,20,1,1,100-BLK TURLINGTON RD
48,2.0,1.0,0.0,18.0,1,11,2,1,14,1,2,1,0,0,3,11,1,2,1,3,5.0,45.0,45.0,20,20,9,4,THREE NOTCH'D RD
59,3.0,1.0,0.0,80.0,0,37,2,1,14,6,3,1,0,0,3,16,2,1,22,3,0.0,15.0,15.0,19,19,12,1,CEDARFIELD CT
25,1.0,1.0,0.0,58.0,0,42,2,1,14,1,0,1,0,0,3,1,1,2,1,6,65.0,65.0,65.0,20,20,7,2,I-64 EAST
68,1.0,1.0,0.0,21.0,1,1,2,1,14,1,2,1,0,0,3,1,2,1,22,1,45.0,55.0,55.0,23,23,11,3,RT 11
21,1.0,1.0,0.0,47.0,0,12,2,1,11,1,0,1,0,0,3,1,1,2,1,1,30.0,40.0,40.0,20,20,12,1,US HWY 23 N
43,1.0,1.0,0.0,18.0,0,11,2,1,14,1,2,1,0,0,3,1,2,2,1,1,15.0,25.0,0.0,20,20,2,2,PINE FOREST DR
23,1.0,1.0,0.0,18.0,0,1,2,1,14,1,2,1,0,0,3,1,2,1,22,1,40.0,45.0,45.0,23,23,10,1,ROUTE 11
31,1.0,1.0,0.0,56.0,1,3,2,1,7,1,2,1,0,0,3,1,2,2,23,14,70.0,70.0,60.0,20,20,1,3,INTERSTATE 81 SOUTH
48,1.0,1.0,0.0,38.0,1,31,3,1,14,1,2,1,0,0,3,1,2,1,23,10,55.0,55.0,55.0,28,2,11,1,ZACKARY TAYLOR HWY
59,1.0,1.0,0.0,38.0,0,15,2,1,14,1,2,1,0,0,3,1,1,2,22,3,15.0,35.0,35.0,20,20,11,3,N MAIN STREET
18,1.0,1.0,0.0,77.0,1,14,2,1,11,1,2,1,0,0,3,1,1,2,1,2,5.0,25.0,25.0,20,20,11,1,MAIN DR
17,3.0,1.0,0.0,39.0,0,40,8,1,14,2,2,1,0,1,3,1,1,1,1,9,35.0,55.0,0.0,28,11,12,0,I-495 NORTH
9,1.0,1.0,0.0,52.0,0,11,2,1,14,1,2,1,0,0,3,1,2,2,14,6,5.0,25.0,25.0,20,20,10,1,9900 HAMMOND AVE
12,1.0,1.0,0.0,52.0,0,11,2,1,14,0,0,1,0,0,3,1,1,2,1,3,5.0,45.0,45.0,20,20,3,2,3613 OLD HALIFAX ROAD
61,1.0,1.0,0.0,68.0,1,1,2,1,14,1,2,1,0,0,3,1,2,1,4,9,20.0,55.0,55.0,28,28,11,3,LUMMIS RD
14,1.0,1.0,0.0,70.0,1,12,2,1,14,1,2,1,0,0,3,1,1,2,22,1,25.0,45.0,45.0,20,20,12,3,FAIRFAX COUNTY PKWY
21,3.0,1.0,0.0,25.0,0,34,8,8,14,2,3,1,0,1,3,1,1,3,1,1,0.0,30.0,30.0,6,30,1,2,WASHINGTON BOULEVARD
37,3.0,1.0,0.0,85.0,0,12,2,1,14,1,2,1,0,0,3,1,1,2,22,1,35.0,35.0,0.0,20,20,12,4,ROUTE 663
21,1.0,1.0,0.0,46.0,0,42,2,1,14,1,2,1,0,0,3,1,2,2,3,6,15.0,45.0,45.0,20,20,10,3,SPRIGGS ROAD 0643
21,1.0,1.0,0.0,80.0,1,15,2,1,14,1,2,1,0,0,9,1,1,2,2,4,30.0,60.0,60.0,20,20,5,1,U.S 58 W
25,1.0,1.0,0.0,46.0,1,12,2,1,7,1,0,1,0,0,3,1,2,2,1,1,10.0,45.0,0.0,20,20,12,3,RT 207/ROGERS CLARK BLVD
68,1.0,1.0,0.0,44.0,1,39,8,1,14,6,3,1,0,0,8,1,1,1,3,9,90.0,65.0,65.0,28,5,1,1,I-81
10,1.0,1.0,0.0,31.0,1,12,2,1,0,1,2,1,0,0,3,1,1,2,2,1,5.0,35.0,35.0,20,20,12,1,668 West Main Street
8,3.0,1.0,0.0,19.0,1,2,1,1,7,1,2,1,1,0,8,13,1,2,22,15,66.0,45.0,45.0,20,20,12,3,ALGONKIAN PKWY
15,1.0,1.0,0.0,77.0,0,14,2,1,14,1,2,1,0,0,3,1,2,2,1,2,0.0,55.0,55.0,20,20,12,2,RT 50 W
61,1.0,1.0,0.0,36.0,1,40,8,6,2,1,2,1,0,0,3,1,1,1,1,10,70.0,70.0,70.0,28,14,11,3,INTERSTATE 81 SOUTH
14,4.0,1.0,0.0,22.0,1,11,2,1,14,1,2,1,0,0,3,8,3,1,3,1,35.0,25.0,0.0,19,19,1,3,EMMET ST S
21,1.0,1.0,0.0,68.0,0,21,1,1,14,1,2,1,0,0,8,12,2,2,1,3,10.0,25.0,25.0,20,20,11,3,RT 17
37,1.0,1.0,0.0,62.0,1,40,2,1,14,1,2,1,0,0,3,14,2,2,4,1,10.0,10.0,10.0,20,20,1,3,25000 RIDING PLAZA
21,1.0,1.0,0.0,26.0,1,1,2,1,14,1,2,1,0,0,3,1,2,1,1,1,65.0,65.0,65.0,23,23,1,4,WESTBOUND I-64
21,3.0,1.0,0.0,48.0,1,11,2,1,14,1,2,1,0,0,3,1,1,2,2,3,20.0,45.0,45.0,20,20,4,3,NEW LONDON RD
25,1.0,1.0,0.0,24.0,0,12,2,1,14,1,2,1,0,0,3,1,1,2,1,1,10.0,55.0,0.0,20,20,12,1,INTERSTATE 395 NORTH
68,1.0,1.0,0.0,19.0,1,12,2,1,14,1,2,1,0,0,3,1,1,2,22,1,25.0,45.0,0.0,20,20,12,4,MIDLOTHIAN TPKE
21,3.0,1.0,0.0,18.0,1,22,2,1,14,1,2,1,0,0,3,1,1,2,1,2,15.0,40.0,0.0,20,20,8,1,NEWBYS BRIDGE RD
61,3.0,1.0,0.0,24.0,1,12,2,1,14,0,0,1,0,0,3,1,1,2,1,1,10.0,45.0,0.0,20,20,12,2,1566SUDLEY MANOR DRIVE
14,1.0,1.0,0.0,34.0,0,11,2,1,14,1,2,1,0,0,3,16,1,2,22,3,10.0,35.0,35.0,20,20,2,4,TURNER RD
21,1.0,1.0,0.0,29.0,1,11,1,1,14,4,0,1,0,0,3,1,1,2,1,4,15.0,45.0,45.0,20,20,12,3,BRADDOCK RD
37,1.0,1.0,0.0,54.0,1,37,2,6,2,1,2,1,0,0,3,13,1,1,1,1,35.0,25.0,25.0,13,13,11,1,LAFAYETTE BLVD
21,3.0,1.0,0.0,25.0,1,21,2,1,8,1,0,1,0,0,3,1,1,2,22,1,50.0,55.0,55.0,20,20,12,1,PATRIOT HY
21,1.0,1.0,0.0,45.0,0,40,1,1,14,6,2,0,0,1,0,1,0,2,1,1,0.0,65.0,0.0,20,20,12,3,I95 SB
25,1.0,1.0,0.0,49.0,1,12,8,9,7,1,3,1,0,0,3,1,2,2,1,1,35.0,35.0,35.0,20,20,12,3,RT123/DOLLEY MADISON BLVD
68,1.0,1.0,0.0,32.0,0,40,2,1,14,1,2,1,0,0,3,1,2,2,22,9,50.0,70.0,70.0,28,11,1,3,I-295
21,1.0,1.0,0.0,28.0,1,12,8,1,11,1,2,1,0,0,3,1,0,2,22,1,35.0,35.0,35.0,20,20,12,2,MOUNT VERNON MEMORIAL HWY
21,1.0,1.0,0.0,40.0,0,40,1,7,7,1,2,1,0,0,3,1,2,2,1,1,15.0,25.0,25.0,6,6,12,2,3923 ST ERICS TURN
21,1.0,1.0,0.0,0.0,0,34,0,9,11,6,3,0,0,1,0,13,0,2,1,1,0.0,25.0,25.0,6,6,0,0,900 BLK 5TH ST SW
25,1.0,1.0,0.0,28.0,0,42,2,1,14,1,2,1,0,0,3,14,1,2,1,14,5.0,25.0,5.0,20,20,11,3,SPARTAN DRIVE
68,1.0,1.0,0.0,21.0,0,21,6,1,14,1,2,1,0,0,3,1,1,3,1,1,25.0,25.0,25.0,20,20,5,1,W MAIN ST
21,3.0,1.0,0.0,19.0,1,40,2,1,14,1,2,1,0,0,3,1,1,2,23,9,45.0,45.0,45.0,28,20,12,2,17310 GENITO RD
21,1.0,1.0,0.0,19.0,1,40,6,1,14,1,2,1,0,0,3,1,1,1,1,9,30.0,30.0,30.0,28,28,1,1,WEST NECK ROAD
43,1.0,1.0,0.0,28.0,0,12,2,1,14,1,2,1,0,0,3,1,1,2,1,1,20.0,60.0,5.0,20,20,12,3,I-95 SB
23,1.0,1.0,0.0,23.0,1,12,2,1,14,1,2,1,0,0,3,1,2,3,1,5,70.0,55.0,0.0,20,20,12,2,EASTBOUND INTERSTATE 64
31,1.0,1.0,0.0,54.0,1,42,2,1,14,1,2,1,0,0,3,1,1,2,1,14,30.0,35.0,35.0,20,20,10,2,NORTHWESTERN PIKE
48,4.0,1.0,0.0,20.0,1,1,3,1,14,1,2,1,1,0,5,1,3,1,11,1,40.0,55.0,40.0,42,42,2,1,ROUTE 19
59,1.0,1.0,0.0,36.0,1,40,1,1,14,1,2,1,0,0,3,1,0,2,2,1,45.0,45.0,0.0,20,20,12,2,WILLARD RD
43,1.0,1.0,0.0,0.0,0,0,0,9,0,6,3,0,0,1,0,0,0,2,0,1,0.0,25.0,0.0,6,6,1,0,N 25TH ST
23,1.0,1.0,0.0,19.0,0,12,2,1,14,1,2,1,0,0,3,1,1,2,1,1,50.0,55.0,25.0,20,20,12,2,EASTBOUND INTERSTATE 64
31,1.0,1.0,0.0,59.0,1,11,2,1,14,1,0,1,0,0,3,1,2,2,1,3,10.0,35.0,0.0,20,20,1,3,PATRIOT HIGHWAY  RT 1
48,1.0,1.0,0.0,19.0,1,11,8,1,11,1,0,1,0,0,3,16,3,2,1,3,10.0,35.0,35.0,20,20,12,3,CHAMBERLAYNE AVE
59,1.0,1.0,0.0,96.0,1,12,2,4,9,1,2,1,0,0,3,1,1,2,1,1,30.0,25.0,25.0,20,20,11,4,W MAIN ST
25,1.0,1.0,0.0,25.0,0,11,2,1,14,1,2,1,0,0,3,1,1,2,1,3,5.0,45.0,45.0,20,20,1,2,6407 RT 1
68,1.0,1.0,0.0,35.0,1,40,1,1,14,1,2,1,0,0,3,1,2,1,1,9,25.0,25.0,25.0,28,2,1,3,15550 WATKINS CENTER PKWY
21,1.0,1.0,0.0,16.0,1,1,2,1,14,1,2,1,0,0,3,1,2,2,2,1,30.0,45.0,45.0,20,20,12,2,6200 NORTHHAMPTON BLVD
43,1.0,1.0,0.0,64.0,1,15,2,1,14,1,2,1,0,0,3,1,2,2,22,3,5.0,25.0,0.0,20,20,11,2,WESTHAMPTON WAY
23,1.0,1.0,0.0,36.0,1,40,8,1,6,1,2,1,0,0,3,1,1,1,22,10,55.0,70.0,70.0,28,14,12,1,NB I-85
31,4.0,1.0,0.0,29.0,1,40,8,7,7,2,2,1,0,0,3,1,1,1,1,9,55.0,55.0,55.0,28,5,1,1,JAMES MADISON HWY-5500 BLK
48,2.0,1.0,0.0,17.0,1,21,6,1,14,1,2,1,0,0,8,1,1,2,1,1,20.0,45.0,45.0,20,20,9,4,PORTSMOUTH BLVD
59,1.0,1.0,0.0,23.0,1,5,2,1,14,1,2,1,0,0,3,1,0,1,1,1,35.0,35.0,0.0,14,14,1,4,BULL RUN RD
18,1.0,1.0,0.0,16.0,0,10,0,9,14,6,3,0,0,1,0,1,0,2,2,1,0.0,55.0,0.0,36,36,0,0,ROUTE 695
17,1.0,1.0,0.0,70.0,1,22,2,1,14,1,2,1,0,0,3,11,1,2,22,3,15.0,45.0,0.0,20,20,12,2,RT 11/LEE JACKSON HWY
9,3.0,1.0,0.0,39.0,1,37,2,9,11,6,3,1,1,0,3,1,2,2,1,15,25.0,25.0,25.0,6,6,1,3,MT. VERNON AV.. & E. NELSON AV.
12,3.0,1.0,0.0,63.0,0,40,1,1,14,1,2,1,0,0,3,1,1,3,22,5,35.0,45.0,45.0,20,20,12,2,0641 OLD BRIDGE ROAD
61,1.0,1.0,0.0,38.0,0,11,2,1,14,1,2,1,0,0,3,1,1,2,1,1,20.0,50.0,0.0,20,20,1,1,US HWY 211 W
14,1.0,1.0,0.0,78.0,1,11,2,1,14,1,2,1,0,0,3,1,1,2,1,3,1.0,0.0,0.0,20,20,5,2,RT 61 CLEAR FORK CREEK ROAD
21,3.0,1.0,0.0,47.0,0,11,8,1,14,1,2,1,1,0,3,1,1,2,22,16,15.0,45.0,45.0,20,20,10,2,ROUTE 1
37,3.0,1.0,0.0,24.0,0,12,2,1,14,1,2,1,0,0,3,1,1,2,1,1,43.0,40.0,40.0,20,20,12,3,0001/RICHMOND HIGHWAY
21,0.0,1.0,0.0,34.0,1,40,8,7,2,1,3,2,1,0,8,1,2,1,1,10,85.0,65.0,60.0,28,11,12,3,I-95
21,1.0,1.0,0.0,54.0,1,11,8,1,14,1,2,1,0,0,3,1,1,2,22,3,15.0,40.0,35.0,36,20,1,3,RT 460
25,1.0,1.0,0.0,57.0,0,12,2,1,7,1,2,1,0,0,3,1,1,2,22,1,35.0,35.0,35.0,20,20,12,4,OYSTER POINT ROAD
68,3.0,1.0,0.0,25.0,0,1,2,1,14,1,2,1,0,0,3,1,0,2,1,1,60.0,55.0,55.0,25,25,12,2,8611 RICHMOND ROAD
21,1.0,1.0,0.0,45.0,1,12,2,1,7,1,2,1,0,0,3,1,1,2,4,5,15.0,45.0,45.0,20,20,12,3,SUDLEY MANOR DRIVE (3301)
23,1.0,1.0,0.0,48.0,1,40,6,1,14,1,2,1,0,0,3,1,1,1,1,10,65.0,65.0,65.0,28,11,1,2,I-64 EAST
18,1.0,1.0,0.0,57.0,1,40,2,1,14,1,2,1,0,0,3,1,1,1,1,9,30.0,55.0,55.0,28,2,1,1,N EGYPT BEND RD
23,1.0,1.0,0.0,35.0,1,11,2,1,11,1,0,1,0,0,8,1,2,3,3,1,5.0,15.0,5.0,20,20,1,2,ALLEN STREET
69,1.0,1.0,0.0,70.0,0,1,2,1,14,1,2,1,0,0,3,1,2,1,22,1,55.0,55.0,55.0,23,23,12,3,ROUTE 231 F.T.VALLEY ROAD
20,3.0,1.0,0.0,83.0,1,12,2,1,14,1,2,1,0,0,3,1,1,2,3,1,25.0,55.0,5.0,20,20,12,3,ROUTE 11
30,3.0,1.0,0.0,56.0,1,42,2,1,14,1,2,1,0,0,3,14,1,2,23,14,65.0,65.0,65.0,20,20,2,3,INTERSTATE 95 SOUTH (THRU LANES)
61,1.0,1.0,0.0,23.0,1,11,2,1,14,1,0,1,0,0,3,11,2,2,1,1,25.0,25.0,0.0,20,20,12,1,SUGARLAND RD
14,1.0,1.0,0.0,45.0,1,21,2,1,14,1,2,1,0,0,3,1,2,2,1,3,25.0,25.0,25.0,20,20,12,4,DUKE ST
21,4.0,1.0,0.0,26.0,0,10,8,1,14,1,2,1,1,0,8,1,1,2,22,1,60.0,55.0,55.0,36,20,12,1,BRANDY ROAD
37,2.0,1.0,0.0,98.0,1,12,2,1,14,1,2,1,0,0,3,1,1,3,2,1,35.0,35.0,35.0,20,20,12,1,FOX HILL RD
61,3.0,1.0,0.0,18.0,0,2,1,8,13,1,0,1,0,0,3,1,1,2,1,1,50.0,45.0,45.0,20,20,12,2,RT 205 / RIDGE RD
14,1.0,1.0,0.0,31.0,0,1,2,1,14,1,0,1,0,0,3,1,0,1,22,1,50.0,55.0,55.0,23,23,12,3,SOUTH BLUE RIDGE TPKE
21,1.0,1.0,0.0,24.0,1,12,1,1,14,1,0,1,0,0,3,1,1,2,22,1,15.0,0.0,0.0,20,20,12,4,0642-HOADLY ROAD
37,1.0,1.0,0.0,23.0,0,42,2,1,14,1,2,1,0,0,3,1,2,2,1,14,0.0,70.0,70.0,20,20,2,4,I64 W
21,4.0,1.0,0.0,44.0,1,37,2,1,14,1,0,1,0,0,3,14,1,1,3,2,5.0,45.0,45.0,19,19,0,4,RT4401/ MARLBOROUGH RD
21,1.0,1.0,0.0,52.0,1,11,2,1,14,1,2,1,0,0,3,1,1,2,2,1,10.0,50.0,0.0,20,20,8,1,COURTHOUSE RD RT208
31,4.0,1.0,0.0,19.0,1,2,8,9,14,1,2,1,1,0,3,1,2,1,1,10,75.0,30.0,20.0,28,2,11,1,STUART MILL RD
48,1.0,1.0,0.0,36.0,1,40,1,1,14,1,2,1,0,0,3,1,1,1,22,9,25.0,35.0,35.0,28,3,12,1,0906 OCCOQUAN ROAD
59,3.0,1.0,0.0,21.0,0,11,2,1,14,1,2,1,0,0,3,1,1,2,1,2,20.0,35.0,35.0,20,20,10,1,Peppers Ferry Rd
18,1.0,1.0,0.0,17.0,0,34,0,9,11,6,3,0,0,1,0,13,0,2,2,1,0.0,35.0,0.0,20,20,2,0,1400 DALE AVE SE
17,1.0,1.0,0.0,56.0,0,11,2,1,14,1,2,1,0,0,3,1,2,2,1,3,5.0,45.0,0.0,20,20,3,1,J CLYDE MORRIS BLVD
43,3.0,1.0,0.0,21.0,1,40,2,1,14,4,2,3,0,0,3,1,1,1,1,3,40.0,25.0,25.0,13,30,4,4,BOXLEY BLVD
11,1.0,1.0,0.0,66.0,1,40,2,1,14,1,2,1,0,0,8,1,1,2,1,9,60.0,45.0,45.0,28,7,1,2,CHRISTIANS CREEK RD
41,1.0,1.0,0.0,58.0,1,12,2,1,0,0,2,1,0,0,3,1,1,2,23,0,37.0,45.0,45.0,20,20,12,4,1100 TERMINAL BLVD
10,1.0,1.0,0.0,17.0,1,37,8,1,14,1,2,1,0,0,3,1,2,2,1,1,35.0,35.0,35.0,20,20,12,3,500 LITTLE NECK RD
8,1.0,1.0,0.0,51.0,0,40,8,6,14,1,2,1,0,0,3,1,1,1,1,10,70.0,70.0,70.0,28,2,11,3,INTERSTATE 95
15,1.0,1.0,0.0,19.0,0,40,1,1,7,1,2,1,0,0,3,1,1,1,1,1,40.0,35.0,35.0,3,3,1,1,MEMORIAL BOULEVARD
61,1.0,1.0,0.0,19.0,1,37,8,1,14,1,2,1,0,0,3,1,1,2,1,1,40.0,65.0,65.0,20,20,11,1,I95 NB
14,1.0,1.0,0.0,21.0,1,1,2,1,14,1,2,1,0,0,3,1,2,1,1,1,55.0,55.0,55.0,23,23,12,3,U.S. HIGHWAY 19
21,3.0,1.0,0.0,16.0,0,12,2,1,14,1,2,1,0,0,3,1,1,2,22,1,0.0,45.0,45.0,20,20,12,2,400 BLK S INDEPENDENCE BLVD
37,3.0,1.0,0.0,68.0,1,12,2,1,14,1,2,1,0,0,3,1,1,4,3,5,30.0,60.0,35.0,20,20,12,1,INTERSTATE 81
21,1.0,1.0,0.0,22.0,1,37,2,8,14,1,1,1,0,0,3,1,1,1,1,1,45.0,45.0,45.0,13,13,1,2,14200 HULLSTREET ROAD
21,1.0,1.0,0.0,20.0,0,40,1,1,14,4,2,1,0,0,3,1,1,1,1,9,70.0,70.0,70.0,28,5,12,1,I-95 NORTHBOUND
25,1.0,1.0,0.0,25.0,1,40,1,1,14,6,2,1,0,1,8,1,1,2,1,1,25.0,25.0,25.0,36,6,11,3,605 SOUTH HILL AVE
68,1.0,1.0,0.0,39.0,1,12,1,1,14,1,0,2,0,0,3,1,1,4,2,1,45.0,45.0,5.0,20,20,12,4,8106 MIDLOTHIAN TPKE
38,1.0,1.0,0.0,24.0,0,12,2,1,14,1,2,1,0,0,3,1,1,2,1,5,45.0,55.0,0.0,20,20,12,3,SOUTHBOUND I-95
22,1.0,1.0,0.0,49.0,0,1,2,1,14,1,2,1,0,0,3,1,2,1,22,1,45.0,45.0,45.0,23,23,12,3,FOX VALLEY ROAD
83,1.0,1.0,0.0,27.0,1,11,1,1,14,1,2,1,0,0,3,1,2,2,22,1,20.0,25.0,25.0,20,20,12,1,700 BLK W 27TH ST
23,1.0,1.0,0.0,31.0,0,34,0,9,0,6,3,0,0,1,0,1,2,2,22,2,0.0,25.0,0.0,20,20,11,0,9000 ST. GEORGE AVE
18,1.0,1.0,0.0,17.0,1,42,2,1,14,1,2,1,0,0,3,1,2,2,2,14,20.0,45.0,0.0,20,20,1,4,MECHANICSVILLE TNPK
23,1.0,1.0,0.0,17.0,1,21,2,1,14,1,2,1,0,0,3,1,1,2,1,2,5.0,35.0,0.0,20,20,11,3,WARRENTON RD
69,2.0,1.0,0.0,43.0,0,11,6,1,14,1,2,1,0,0,3,1,1,2,22,3,10.0,45.0,45.0,20,20,5,4,Route 1/Washington Hwy
20,1.0,1.0,0.0,44.0,1,40,2,1,11,5,2,1,0,0,3,1,1,1,1,9,45.0,55.0,50.0,28,2,12,2,2163 CHANCES CREEK RD
30,1.0,1.0,0.0,32.0,1,40,8,1,14,1,2,1,0,0,3,1,1,1,1,9,60.0,60.0,50.0,28,11,1,1,NB I-95
61,1.0,1.0,0.0,49.0,1,42,2,1,14,1,2,1,0,0,3,1,1,2,3,14,30.0,45.0,45.0,20,20,11,2,0641 OLD BRIDGE ROAD
12,1.0,1.0,0.0,39.0,1,40,2,1,14,1,2,1,0,0,3,1,1,2,1,14,60.0,60.0,60.0,20,20,11,1,INTERSTATE 664
61,1.0,1.0,0.0,38.0,0,12,2,1,14,1,2,1,0,0,3,1,2,2,22,1,50.0,50.0,50.0,20,20,12,4,LEESBURG PIKE WB
14,1.0,1.0,0.0,25.0,1,12,1,1,14,1,2,1,0,0,3,1,1,2,1,1,30.0,30.0,30.0,20,20,12,4,W BROAD ST
21,1.0,1.0,0.0,28.0,0,11,2,1,7,1,2,1,0,0,3,1,1,2,1,2,5.0,25.0,0.0,20,20,12,2,FAIRWAY ROAD
37,3.0,1.0,0.0,49.0,0,21,8,1,14,1,0,1,0,0,3,1,1,2,3,1,45.0,45.0,45.0,20,20,12,1,GEORGE WASHINGTON MEMORIAL HWY
21,1.0,1.0,0.0,18.0,0,40,2,1,14,2,2,1,0,0,3,1,1,2,1,1,45.0,45.0,45.0,36,20,11,2,5600 BLK BROOKS MILL RD.
21,1.0,1.0,0.0,37.0,0,12,0,9,0,6,3,0,0,1,0,1,0,2,1,1,0.0,35.0,0.0,20,20,12,4,COAL LANDING RD
25,1.0,1.0,0.0,93.0,1,12,2,1,14,1,2,1,0,0,3,1,1,2,1,1,45.0,35.0,25.0,20,20,12,3,ELECTRIC RD
68,3.0,1.0,0.0,20.0,0,12,1,1,14,3,1,1,1,0,3,1,1,3,1,1,40.0,45.0,0.0,20,20,12,2,MERRIMAC TRAIL
21,2.0,1.0,0.0,43.0,1,37,2,1,11,1,2,1,0,0,3,1,1,2,1,1,25.0,35.0,35.0,20,20,11,2,PLANK RD
23,1.0,1.0,0.0,61.0,0,11,2,1,14,1,2,1,0,0,3,1,1,2,22,1,10.0,40.0,40.0,20,20,1,1,2900 BLK E LITTLE CREEK RD
18,1.0,1.0,0.0,53.0,1,40,1,6,14,1,2,1,0,0,3,1,2,1,2,9,55.0,55.0,55.0,28,11,1,1,NORTH INTERSTATE 495
23,1.0,1.0,0.0,20.0,1,42,2,1,14,1,2,1,0,0,3,1,1,2,22,14,45.0,45.0,45.0,20,20,2,2,2395 OLD HUNDRED RD
69,3.0,1.0,0.0,80.0,0,11,2,1,14,1,2,1,1,0,3,16,1,2,1,3,15.0,55.0,55.0,20,20,10,2,RT 15/JAMES MADISON HWY
20,1.0,1.0,0.0,45.0,0,17,2,1,14,0,0,1,0,0,3,1,1,2,1,3,25.0,35.0,0.0,25,25,0,3,29NB/LAKEVIEW DR
30,1.0,1.0,0.0,26.0,1,42,2,1,14,1,2,1,0,0,3,1,1,2,1,8,0.0,55.0,0.0,20,20,7,1,I-395 NORTHBOUND
61,1.0,1.0,0.0,54.0,1,12,2,1,14,1,0,1,0,0,3,1,1,2,1,1,10.0,55.0,55.0,20,20,12,3,0234 PRINCE WILLIAM PARKWAY
14,1.0,1.0,0.0,40.0,0,40,2,1,6,1,3,1,0,0,3,1,1,2,1,1,0.0,45.0,45.0,20,20,12,2,E LABURNUM AVE
21,1.0,1.0,0.0,17.0,0,11,2,1,14,1,2,1,0,0,3,1,1,2,1,3,5.0,45.0,0.0,20,20,4,1,RT. 250
37,1.0,1.0,0.0,41.0,1,17,2,1,14,1,2,1,0,0,3,1,2,2,23,3,5.0,25.0,25.0,20,20,5,3,NALLE PL
61,2.0,1.0,0.0,42.0,1,12,2,1,14,1,2,1,0,0,3,1,1,2,1,1,5.0,25.0,25.0,20,20,12,4,EAST MARKET STREET
14,1.0,1.0,0.0,71.0,1,11,2,1,14,1,2,1,0,0,3,7,1,2,22,1,15.0,35.0,0.0,20,20,9,3,ROUTE 33
21,3.0,1.0,0.0,80.0,0,11,6,1,14,1,2,1,1,0,3,1,1,2,22,15,15.0,55.0,0.0,20,20,3,2,RT-13/LANKFORD HWY
37,1.0,1.0,0.0,62.0,1,41,2,1,14,0,0,1,0,0,3,1,1,2,4,1,15.0,25.0,25.0,20,20,10,2,W CHURCH ST
21,1.0,1.0,0.0,24.0,1,43,2,1,14,1,2,1,0,0,3,1,1,1,2,10,65.0,70.0,50.0,28,5,12,2,INTERSTATE 64
21,1.0,1.0,0.0,64.0,1,37,2,1,14,1,2,1,0,0,3,2,2,2,2,15,5.0,45.0,0.0,20,20,12,2,CREIGHTON RD
31,4.0,1.0,0.0,0.0,1,1,2,1,14,1,2,1,0,0,3,1,2,1,1,2,20.0,25.0,0.0,19,19,10,3,1300 BLK N FAIRFAX DR
25,1.0,1.0,0.0,26.0,1,40,6,1,14,1,2,1,0,0,3,2,1,1,1,9,55.0,65.0,65.0,28,8,6,4,WESTBOUND INTERSTATE 64
68,3.0,1.0,0.0,23.0,0,2,2,1,14,1,2,1,1,0,8,1,1,1,1,1,50.0,40.0,30.0,36,30,1,2,MORGAN FORD RD
21,1.0,1.0,0.0,54.0,0,0,2,0,0,0,0,1,0,0,9,0,0,2,22,11,0.0,35.0,35.0,6,6,8,0,MCGUIN DR / S VAN DORN ST
43,1.0,1.0,0.0,38.0,1,11,2,1,14,1,2,1,0,0,3,1,1,2,1,3,15.0,45.0,0.0,20,20,1,3,JEFFERSON AVENUE
43,3.0,1.0,0.0,62.0,1,0,2,1,14,1,0,1,0,0,3,1,0,2,1,3,35.0,35.0,0.0,20,20,3,4,PAVILLION DR.
23,1.0,1.0,0.0,22.0,1,40,2,1,14,1,2,1,0,0,3,1,1,1,1,9,60.0,55.0,55.0,28,14,12,2,IRON BRIDGE ROAD
31,2.0,1.0,0.0,36.0,0,12,2,1,0,1,2,1,0,0,3,1,2,2,1,1,10.0,45.0,45.0,20,20,12,4,W MERCURY BLVD
48,4.0,1.0,0.0,61.0,1,11,8,1,14,1,0,1,1,0,8,1,1,2,22,3,5.0,55.0,0.0,20,20,11,2,RT 1/BOYDTON PLANK RD
59,1.0,1.0,0.0,23.0,1,40,2,1,14,1,2,1,0,0,3,1,2,1,1,10,35.0,55.0,30.0,36,8,8,2,BURNT CHIMNEY RD. (RT. 670)
18,1.0,1.0,0.0,40.0,1,1,2,1,14,1,2,1,0,0,3,1,2,1,23,1,45.0,45.0,45.0,23,23,11,4,JAMES D HAGOOD HWY
17,3.0,1.0,0.0,41.0,1,33,2,1,14,0,0,1,1,0,3,1,0,1,23,9,30.0,35.0,30.0,28,28,5,4,3617 HEAD RIOVER ROAD
9,1.0,1.0,0.0,72.0,1,42,2,1,14,1,2,1,0,0,3,14,1,2,23,14,55.0,55.0,55.0,20,20,2,1,JAMES MADISON HWY - 9400 BLK
12,1.0,1.0,0.0,53.0,1,12,2,1,14,1,2,1,0,0,3,1,2,2,1,1,35.0,35.0,35.0,20,20,12,4,ELDEN ST
61,3.0,1.0,0.0,43.0,0,21,1,1,0,1,2,1,0,0,3,1,1,2,1,1,45.0,45.0,45.0,20,20,12,4,PLANK RD
14,3.0,1.0,0.0,0.0,0,34,0,9,0,6,3,0,0,1,0,0,0,1,1,3,0.0,25.0,0.0,19,19,0,0,400 LYNN SHORES DR
21,1.0,1.0,0.0,18.0,1,12,2,1,14,1,3,1,0,0,3,1,1,2,22,5,0.0,35.0,0.0,20,20,12,2,OLD FOREST RD
37,3.0,1.0,0.0,17.0,0,21,2,1,14,1,2,1,1,0,3,1,1,2,1,1,40.0,45.0,45.0,20,20,12,4,HULL ST RD
21,1.0,1.0,0.0,35.0,1,12,6,1,14,1,2,1,0,0,3,1,1,2,1,10,30.0,60.0,10.0,20,20,12,2,RT.460/ COX RD.
21,1.0,1.0,0.0,26.0,1,15,2,8,14,2,3,1,0,0,3,1,1,1,22,3,20.0,35.0,20.0,28,3,12,2,UNIVERSITY BLVD
25,1.0,1.0,0.0,22.0,1,12,2,1,14,1,3,1,0,0,3,1,1,3,22,5,50.0,45.0,45.0,20,20,12,4,INDIAN RIVER ROAD
68,1.0,1.0,0.0,33.0,1,21,2,1,14,2,2,1,0,0,3,1,1,2,22,3,0.0,45.0,45.0,20,20,4,2,VIRGINIA BEACH BOULEVARD
21,1.0,1.0,0.0,47.0,0,40,2,1,14,1,2,1,0,0,3,1,2,1,1,10,25.0,45.0,45.0,36,10,12,2,CONICVILLE ROAD
23,1.0,1.0,0.0,23.0,1,43,1,1,0,1,0,1,0,0,3,1,0,1,1,3,30.0,40.0,40.0,2,2,12,1,ROLLING RD
18,1.0,1.0,0.0,25.0,0,1,2,1,14,1,2,1,0,0,3,1,2,1,1,1,55.0,55.0,55.0,23,23,11,4,7423 LOUISA ROAD
23,1.0,1.0,0.0,60.0,1,15,2,1,14,1,2,1,0,0,3,1,1,2,23,3,5.0,25.0,25.0,20,20,11,4,FAIRMONT AVE
69,1.0,1.0,0.0,36.0,1,11,2,1,0,1,2,1,0,0,3,1,2,2,22,1,15.0,35.0,0.0,20,20,12,3,1300 WHITEHEAD ROAD
21,1.0,1.0,0.0,58.0,0,40,2,1,6,1,2,1,0,0,3,1,1,2,1,13,70.0,70.0,70.0,20,20,1,1,I-77
25,4.0,1.0,0.0,37.0,1,40,3,1,14,1,2,1,1,0,5,1,2,1,11,9,40.0,25.0,25.0,28,39,12,3,EGYPT ROAD
68,1.0,1.0,0.0,57.0,1,21,6,1,14,1,2,1,0,0,3,11,1,2,22,3,20.0,35.0,35.0,20,20,4,1,RT 301/CHAMBERLAYNE RD.
21,1.0,1.0,0.0,54.0,0,17,2,1,11,1,2,1,0,0,3,1,1,2,1,3,20.0,25.0,25.0,20,20,2,1,1319 HODGES FERRY RD
21,2.0,1.0,0.0,20.0,0,42,2,1,14,1,2,1,0,0,3,1,1,3,1,14,25.0,30.0,30.0,20,20,6,1,BOULEVARD
43,1.0,1.0,0.0,29.0,1,12,2,1,12,1,3,1,0,0,3,1,1,2,22,1,0.0,25.0,0.0,20,20,12,1,MILLER PARK SQ
23,4.0,1.0,0.0,58.0,1,40,2,1,10,1,2,1,0,0,2,1,1,1,1,1,45.0,45.0,45.0,30,30,13,1,SEMINOLE TRL
31,1.0,1.0,0.0,24.0,1,32,1,1,14,1,2,1,0,0,3,1,2,1,1,10,55.0,55.0,55.0,28,2,11,1,RT 652  SIGNBOARD ROAD
48,4.0,1.0,0.0,22.0,1,21,2,1,14,1,2,1,0,0,3,1,1,2,3,1,0.0,35.0,35.0,20,20,1,2,HULL ST
59,1.0,1.0,0.0,51.0,0,12,1,1,14,1,2,1,0,0,3,1,1,2,1,1,35.0,55.0,0.0,20,20,12,2,INTERSTATE 495 EASTBOUND
43,1.0,1.0,0.0,70.0,0,37,1,1,14,1,2,1,0,0,3,1,1,2,1,1,15.0,45.0,45.0,10,10,12,4,3600 E. VIRGINIA BEACH BLVD
23,1.0,1.0,0.0,17.0,0,21,1,1,14,1,2,1,0,0,3,1,1,2,1,1,30.0,30.0,0.0,20,5,10,2,FAIRFAX BLVD
31,3.0,1.0,0.0,30.0,1,40,8,1,14,1,2,1,0,0,3,2,1,1,1,10,65.0,70.0,45.0,28,30,12,3,I-81
48,1.0,1.0,0.0,68.0,1,1,2,1,14,1,2,1,0,0,3,1,2,2,23,10,60.0,70.0,70.0,28,5,11,1,I-81
59,1.0,1.0,0.0,22.0,0,40,1,1,14,1,2,1,0,0,3,1,2,1,1,10,65.0,55.0,55.0,28,11,12,2,INTERSTATE 264 EASTBOUND
25,1.0,1.0,0.0,28.0,0,12,2,1,7,1,2,1,0,0,3,1,1,2,22,1,25.0,55.0,0.0,20,20,12,4,LEESBURG BYPASS
68,1.0,1.0,0.0,43.0,0,40,2,1,14,1,2,1,0,0,3,1,1,2,22,1,15.0,25.0,25.0,6,6,1,1,BEVERLEY CT
21,1.0,1.0,0.0,21.0,1,40,1,7,14,1,2,1,0,0,3,1,1,1,1,10,55.0,55.0,55.0,28,11,11,1,I-495 NORTH
43,1.0,1.0,0.0,21.0,0,12,2,1,14,1,2,1,0,0,3,1,1,2,1,1,20.0,55.0,0.0,20,20,12,4,WESTBOUND INTERSTATE 264
23,1.0,1.0,0.0,31.0,1,12,2,1,11,1,2,1,0,0,3,1,1,3,2,1,15.0,45.0,15.0,20,20,12,4,0294/PRINCE WILLIAM PARKWAY
31,3.0,1.0,0.0,25.0,1,1,2,1,14,1,2,1,0,0,3,1,2,2,3,1,35.0,35.0,0.0,20,20,1,1,COX RD
37,1.0,1.0,0.0,29.0,1,11,2,1,14,1,0,1,0,0,3,1,1,2,22,1,0.0,25.0,25.0,20,20,12,2,GRAYLAND AVES ARTHUR ASHE BLVD
21,1.0,1.0,0.0,54.0,1,11,2,1,14,1,2,1,0,0,3,1,1,2,1,3,5.0,35.0,35.0,20,20,1,1,1760 OLD AIRPORT RD
21,1.0,1.0,0.0,28.0,1,1,8,1,14,1,2,1,0,0,3,1,2,1,1,9,52.0,45.0,45.0,28,14,12,3,CARRICO MILLS RD
25,2.0,1.0,0.0,17.0,1,21,2,1,14,1,2,1,0,0,3,1,1,2,1,1,40.0,40.0,40.0,20,20,11,4,RIVERSIDE DR
68,3.0,1.0,0.0,35.0,1,12,2,1,14,1,2,1,0,0,3,1,1,3,2,1,25.0,35.0,35.0,20,20,12,1,N BELVIDERE ST
21,1.0,1.0,0.0,25.0,1,12,2,1,14,1,2,1,0,0,3,1,2,2,22,1,25.0,45.0,45.0,20,20,12,4,DAM NECK RD
23,1.0,1.0,0.0,0.0,0,34,0,9,0,6,3,0,0,1,0,0,0,3,22,9,0.0,25.0,0.0,6,6,1,0,710 S WASHINGTON ST
18,1.0,1.0,0.0,32.0,1,40,2,1,14,1,2,1,0,0,3,2,2,1,1,1,35.0,45.0,35.0,28,14,12,4,SAINT CLAIRE RD
21,1.0,1.0,0.0,34.0,0,22,2,1,14,1,2,1,0,0,3,1,1,2,22,1,5.0,25.0,25.0,20,20,11,4,GREENVILLE AVE
21,1.0,1.0,0.0,19.0,1,40,1,1,14,1,2,1,0,0,3,1,2,1,1,10,55.0,55.0,55.0,28,5,7,4,I66 WEST
25,1.0,1.0,0.0,29.0,1,1,2,1,14,1,2,1,0,0,3,1,1,1,1,1,30.0,30.0,30.0,28,15,12,1,BALLENTINE BLVD
68,1.0,1.0,0.0,67.0,0,11,2,1,14,1,2,1,0,0,3,1,1,2,22,1,25.0,35.0,35.0,20,20,10,4,3000 TIDEWATER DRIVE
21,1.0,1.0,0.0,37.0,0,40,2,1,7,2,2,1,0,0,3,1,1,2,1,1,25.0,25.0,25.0,20,20,11,1,2249 SEDGEWICK DRIVE
21,1.0,1.0,0.0,53.0,1,40,1,1,14,1,2,1,0,0,3,1,1,1,1,9,30.0,45.0,45.0,28,30,1,4,FAIRFAX PIKE (RT. 277)
21,1.0,1.0,0.0,29.0,1,11,2,1,14,1,0,1,0,0,3,1,1,2,1,4,0.0,55.0,55.0,20,20,1,1,WILLIAMSBURG RD
25,3.0,1.0,0.0,33.0,1,3,2,1,14,1,2,1,0,0,3,1,1,5,4,1,25.0,60.0,0.0,20,20,12,1,I 95 NORTH
68,1.0,1.0,0.0,24.0,1,17,2,1,14,0,0,1,0,0,3,1,1,2,1,3,25.0,25.0,0.0,20,20,1,4,1710 ROBIN HOOD ROAD
21,4.0,1.0,0.0,32.0,1,40,1,1,14,2,3,1,0,0,3,1,1,2,2,1,55.0,35.0,35.0,36,20,1,1,3610 TURNER ROAD
21,2.0,1.0,0.0,38.0,1,34,2,1,14,1,2,1,0,1,3,1,3,1,22,2,5.0,35.0,35.0,19,19,12,0,MONUMENT AVE
43,1.0,1.0,0.0,21.0,1,21,2,1,14,1,2,1,0,0,3,1,1,2,2,1,0.0,45.0,45.0,20,20,2,3,GASKINS RD
23,1.0,1.0,0.0,41.0,1,1,2,1,14,1,2,1,0,0,3,1,2,1,2,1,40.0,45.0,45.0,23,23,1,4,SMITH CREEK RD
31,3.0,1.0,0.0,34.0,0,37,2,1,14,1,2,1,0,0,3,1,2,2,1,3,15.0,45.0,45.0,20,20,12,4,HOPKINS RD
48,3.0,1.0,0.0,45.0,1,32,8,8,14,0,2,1,0,0,3,1,1,1,1,9,45.0,45.0,45.0,28,3,11,4,100 Block East Main Street
59,1.0,1.0,0.0,28.0,1,17,6,0,0,0,0,1,0,0,2,1,0,2,1,3,30.0,25.0,0.0,20,20,7,1,MARC DR/ VILLAGE DR
43,1.0,1.0,0.0,31.0,0,1,2,1,14,1,2,1,0,0,3,1,2,2,1,14,40.0,45.0,45.0,20,20,2,2,4300 VIRGINIA BEACH BL
23,1.0,1.0,0.0,38.0,0,37,2,1,14,1,2,1,0,0,3,1,2,2,1,15,55.0,55.0,55.0,20,20,11,1,INTERSTATE 395 NORTH
31,1.0,1.0,0.0,64.0,0,17,2,1,14,1,2,1,0,0,3,1,2,2,22,3,30.0,45.0,45.0,20,20,12,4,RYAN ROAD
48,3.0,1.0,0.0,77.0,0,16,2,1,14,1,2,1,1,0,3,1,3,2,22,3,25.0,30.0,30.0,20,20,11,1,BACKLICK ROAD
59,3.0,1.0,0.0,26.0,0,11,2,1,14,1,3,1,0,0,3,1,2,2,1,3,10.0,45.0,45.0,20,20,12,2,HALIFAX RD
25,1.0,1.0,0.0,60.0,1,12,2,1,14,1,2,1,0,0,3,1,1,2,1,1,20.0,25.0,25.0,20,20,11,2,BLYTHEWOOD LN
68,3.0,1.0,0.0,57.0,1,3,0,9,14,6,3,0,0,1,0,1,3,3,4,1,50.0,55.0,45.0,20,20,12,0,SB 95
21,1.0,1.0,0.0,75.0,0,11,2,2,14,1,2,1,0,0,3,1,1,2,1,1,25.0,25.0,25.0,20,20,12,1,PARKWOOD AVE
43,1.0,1.0,0.0,69.0,1,11,8,1,14,1,2,1,0,0,3,1,1,2,2,3,0.0,45.0,45.0,20,20,3,1,CHAMBERLAYNE RD
23,3.0,1.0,0.0,24.0,1,12,2,1,0,1,2,1,0,0,3,1,1,2,2,1,30.0,30.0,30.0,20,20,12,2,600 W BRAMBLETON AVE
31,1.0,1.0,0.0,43.0,1,12,2,1,11,1,2,1,0,0,3,1,1,2,2,1,10.0,45.0,45.0,20,20,6,2,LEE JACKSON HWY
48,1.0,1.0,0.0,69.0,0,40,6,1,14,1,2,1,0,0,3,1,1,2,22,1,35.0,35.0,0.0,37,20,11,3,ROUTE 1746
59,1.0,1.0,0.0,36.0,1,15,2,1,14,1,0,1,0,0,3,1,2,1,3,3,5.0,5.0,5.0,15,15,8,2,12TH ST
18,1.0,1.0,0.0,56.0,1,1,8,1,14,1,2,1,0,0,3,2,2,1,22,9,55.0,55.0,55.0,28,28,12,1,INTERSTATE 581 NORTH BOUND
17,1.0,1.0,0.0,20.0,1,9,1,1,14,1,2,1,0,0,3,1,1,3,1,13,80.0,60.0,60.0,20,30,11,1,NORTH I-664
9,4.0,1.0,0.0,19.0,1,22,1,1,14,1,2,1,0,0,3,1,1,2,1,1,35.0,35.0,35.0,20,20,3,1,1600 BLOCK OF EAST BAYVIEW BLVD
12,1.0,1.0,0.0,25.0,1,41,1,1,14,6,3,1,0,0,3,1,2,2,1,1,25.0,25.0,25.0,20,20,12,4,MECHANICSVILLE TURNPIKE
61,2.0,1.0,0.0,60.0,1,17,2,1,14,1,2,1,0,0,3,1,2,2,22,2,5.0,25.0,25.0,20,20,11,2,LIBBY ST
14,4.0,1.0,0.0,27.0,1,40,8,1,14,5,2,1,1,0,3,1,1,2,22,10,30.0,55.0,25.0,28,20,12,3,NORTHBOUND I-95
21,1.0,1.0,0.0,24.0,0,12,2,1,14,1,3,1,0,0,3,1,1,2,1,6,0.0,25.0,25.0,20,20,1,1,29 EXTENSION
37,1.0,1.0,0.0,21.0,0,16,2,1,14,1,2,1,0,0,3,1,1,2,1,3,5.0,45.0,45.0,20,20,11,4,HYDRAULIC RD
21,1.0,1.0,0.0,21.0,1,40,2,1,14,5,2,1,0,0,8,1,1,1,2,10,65.0,55.0,55.0,36,30,12,4,RT 787INDIAN VALLEY ROAD
21,1.0,1.0,0.0,28.0,1,40,2,1,14,1,2,1,0,0,3,1,2,2,1,1,20.0,35.0,0.0,20,20,12,4,KINGSTOWNE VILLAGE PKWY
25,1.0,1.0,0.0,18.0,0,12,2,1,14,1,0,1,0,0,3,1,1,2,1,5,10.0,25.0,25.0,20,20,12,1,100 S ROSEMONT RD
68,2.0,1.0,0.0,33.0,1,1,3,1,14,0,0,1,0,0,5,1,0,3,11,1,40.0,45.0,0.0,13,20,10,2,RT662/WESTFEILDS BLVD
21,1.0,1.0,0.0,32.0,0,42,2,1,14,1,2,1,0,0,3,1,1,2,1,14,55.0,60.0,60.0,20,20,4,2,EAST I-64
21,1.0,1.0,0.0,36.0,1,12,2,1,14,1,2,1,0,0,3,1,1,2,2,1,5.0,35.0,15.0,20,20,12,1,1500 WESLEYAN DR
21,1.0,1.0,0.0,44.0,1,37,2,1,14,1,2,1,0,0,3,1,1,2,2,3,25.0,25.0,0.0,20,20,12,2,ECHOLS AVE SEMINARY RD
25,1.0,1.0,0.0,21.0,1,12,2,1,14,1,2,1,0,0,3,1,1,2,22,1,25.0,55.0,55.0,20,20,12,2,INTERSTATE 64 EAST
68,2.0,1.0,0.0,20.0,0,2,1,1,0,1,2,1,0,0,9,0,1,2,1,1,40.0,25.0,25.0,20,20,12,1,LIBERIA AVE
21,1.0,1.0,0.0,0.0,0,40,0,9,14,6,3,0,0,1,0,1,0,1,1,1,0.0,35.0,35.0,3,3,1,0,LEESBURG PIKE
43,1.0,1.0,0.0,26.0,1,11,2,1,14,1,2,1,0,0,3,1,1,2,1,3,10.0,35.0,0.0,20,20,4,3,RT 200 IRVINGTON ROAD
23,4.0,1.0,0.0,18.0,1,39,6,1,14,1,0,1,0,0,8,1,1,2,1,1,0.0,35.0,35.0,20,20,11,2,RT 360 / MECHANICSVILLE TPK
31,1.0,1.0,0.0,22.0,0,41,2,1,14,1,2,1,0,0,8,1,1,2,1,13,60.0,50.0,50.0,20,20,1,3,SOUTH QUAY RD
48,1.0,1.0,0.0,35.0,1,37,2,1,14,1,2,1,0,0,3,1,1,1,1,10,75.0,70.0,70.0,28,5,11,4,I-64 WESTBOUND
59,1.0,1.0,0.0,38.0,0,12,1,1,14,1,2,1,0,0,3,1,2,2,1,5,25.0,55.0,55.0,20,20,12,4,WINDSOR DR (RT 218)
18,2.0,1.0,0.0,0.0,0,40,8,0,0,0,3,1,0,1,8,0,2,2,1,1,40.0,25.0,25.0,20,20,12,3,1908 PRENTIS AVE
17,1.0,1.0,0.0,29.0,1,40,1,1,0,1,2,1,0,0,3,1,1,2,1,1,45.0,45.0,45.0,20,20,11,4,GOODYEAR BLVD
43,1.0,1.0,0.0,67.0,1,1,2,1,14,1,2,1,0,0,3,1,2,1,1,1,35.0,45.0,0.0,23,23,12,2,7489 PLANK RD
11,1.0,1.0,0.0,29.0,0,40,2,1,14,3,3,1,0,0,3,2,1,1,1,9,45.0,35.0,25.0,28,15,1,2,ROUTE 619/ FIDDLER'S GREEN RD
41,3.0,1.0,0.0,34.0,1,12,1,1,14,1,2,1,0,0,3,1,1,4,2,1,70.0,70.0,25.0,20,20,12,2,I-64 EASTBOUND
10,1.0,1.0,0.0,19.0,0,11,2,1,14,1,3,1,0,0,3,13,1,2,1,3,0.0,35.0,35.0,20,20,1,4,BEDFORD AVE
8,1.0,1.0,0.0,27.0,1,40,2,1,14,1,2,1,0,0,3,1,2,2,1,1,50.0,55.0,55.0,20,20,8,1,NB 85
15,1.0,1.0,0.0,33.0,0,1,2,1,14,1,2,1,0,0,3,1,2,1,1,1,60.0,55.0,55.0,23,23,12,2,DULLES TOLL ROAD / ROUTE 267
61,1.0,1.0,0.0,20.0,1,11,2,1,14,1,2,1,0,1,3,1,1,2,1,2,35.0,45.0,45.0,20,20,6,1,ROUTE 10
14,3.0,1.0,0.0,43.0,0,12,2,1,14,1,2,1,0,0,3,1,1,2,22,1,15.0,35.0,35.0,20,20,12,1,613/S VAN DORN ST
21,1.0,1.0,0.0,85.0,0,1,2,1,14,1,0,1,0,0,3,1,2,2,22,1,10.0,50.0,50.0,20,20,8,3,COLLEGE DR
37,3.0,1.0,0.0,23.0,0,3,1,1,14,4,2,1,1,0,3,1,2,1,22,9,55.0,55.0,45.0,27,30,13,2,E PATRICK HENRY ROAD
21,4.0,1.0,0.0,32.0,1,10,8,1,14,2,2,1,1,0,3,1,1,2,2,10,60.0,55.0,55.0,28,20,11,3,RT 42
21,1.0,1.0,0.0,21.0,1,11,2,1,14,0,0,1,0,0,3,1,1,2,22,3,15.0,25.0,25.0,20,20,12,1,4600 ROBINHOOD RD
25,1.0,1.0,0.0,36.0,1,31,1,1,14,1,2,1,0,0,3,1,2,1,1,1,25.0,35.0,0.0,3,3,12,3,2300 HOLLAND RD.
68,2.0,1.0,0.0,36.0,1,40,2,1,14,1,2,1,0,0,3,1,1,1,1,1,25.0,25.0,25.0,8,8,11,2,WESTVIEW DR
38,1.0,1.0,0.0,44.0,0,37,2,1,14,1,2,1,0,0,3,1,1,2,1,8,0.0,35.0,35.0,20,20,6,4,ROUTE 57 FAIRYSTONE PARK HIGHWAY
22,3.0,1.0,0.0,50.0,1,40,2,8,14,1,2,1,1,0,3,1,2,3,4,15,35.0,35.0,35.0,42,20,11,3,BUFORD ROAD
83,3.0,1.0,0.0,16.0,0,11,2,1,14,1,2,1,0,0,3,1,1,3,2,3,5.0,55.0,55.0,20,20,1,1,WEST RIVER RD
